IS_name,component_name,feature_name,concentration_units,llod,ulod,lloq,uloq,correlation_coefficient,n_points,transformation_model,transformation_model_param_slope,transformation_model_param_intercept,transformation_model_param_symmetric_regression,transformation_model_param_x_weight,transformation_model_param_y_weight,transformation_model_param_x_datum_min,transformation_model_param_x_datum_max,transformation_model_param_y_datum_min,transformation_model_param_y_datum_max
arg-L.arg-L_1.Heavy,arg-L.arg-L_1.Light,peak_apex_int,uM,,,,,,,linear,1,0,FALSE,ln(x),ln(y),-1.00E+15,1.00E+15,-1.00E+15,1.00E+15
arg-L.arg-L_1.Heavy,orn.orn_1.Light,peak_apex_int,uM,,,,,,,linear,1,0,FALSE,ln(x),ln(y),-1.00E+15,1.00E+15,-1.00E+15,1.00E+15
ser-L.ser-L_1.Heavy,his-L.his-L_1.Light,peak_apex_int,uM,,,,,,,linear,1,0,FALSE,ln(x),ln(y),-1.00E+15,1.00E+15,-1.00E+15,1.00E+15
ser-L.ser-L_1.Heavy,his-L.his-L_2.Light,peak_apex_int,uM,,,,,,,linear,1,0,FALSE,ln(x),ln(y),-1.00E+15,1.00E+15,-1.00E+15,1.00E+15
asn-L.asn-L_1.Heavy,asn-L.asn-L_1.Light,peak_apex_int,uM,,,,,,,linear,1,0,FALSE,ln(x),ln(y),-1.00E+15,1.00E+15,-1.00E+15,1.00E+15
asn-L.asn-L_1.Heavy,asn-L.asn-L_2.Light,peak_apex_int,uM,,,,,,,linear,1,0,FALSE,ln(x),ln(y),-1.00E+15,1.00E+15,-1.00E+15,1.00E+15
ser-L.ser-L_1.Heavy,ser-L.ser-L_1.Light,peak_apex_int,uM,,,,,,,linear,1,0,FALSE,ln(x),ln(y),-1.00E+15,1.00E+15,-1.00E+15,1.00E+15
ser-L.ser-L_1.Heavy,ser-L.ser-L_2.Light,peak_apex_int,uM,,,,,,,linear,1,0,FALSE,ln(x),ln(y),-1.00E+15,1.00E+15,-1.00E+15,1.00E+15
citr-L.citr-L_1.Heavy,citr-L.citr-L_1.Light,peak_apex_int,uM,,,,,,,linear,1,0,FALSE,ln(x),ln(y),-1.00E+15,1.00E+15,-1.00E+15,1.00E+15
gln-L.gln-L_1.Heavy,gln-L.gln-L_1.Light,peak_apex_int,uM,,,,,,,linear,1,0,FALSE,ln(x),ln(y),-1.00E+15,1.00E+15,-1.00E+15,1.00E+15
gln-L.gln-L_1.Heavy,gln-L.gln-L_2.Light,peak_apex_int,uM,,,,,,,linear,1,0,FALSE,ln(x),ln(y),-1.00E+15,1.00E+15,-1.00E+15,1.00E+15
Hexose_Pool_fru_glc-D.Hexose_Pool_fru_glc-D_1.Heavy,Hexose_Pool_fru_glc-D.Hexose_Pool_fru_glc-D_1.Light,peak_apex_int,uM,,,,,,,linear,1,0,FALSE,ln(x),ln(y),-1.00E+15,1.00E+15,-1.00E+15,1.00E+15
Hexose_Pool_fru_glc-D.Hexose_Pool_fru_glc-D_1.Heavy,Hexose_Pool_fru_glc-D.Hexose_Pool_fru_glc-D_2.Light,peak_apex_int,uM,,,,,,,linear,1,0,FALSE,ln(x),ln(y),-1.00E+15,1.00E+15,-1.00E+15,1.00E+15
Lcystin.Lcystin_1.Heavy,Lcystin.Lcystin_1.Light,peak_apex_int,uM,,,,,,,linear,1,0,FALSE,ln(x),ln(y),-1.00E+15,1.00E+15,-1.00E+15,1.00E+15
thr-L.thr-L_1.Heavy,thr-L.thr-L_1.Light,peak_apex_int,uM,,,,,,,linear,1,0,FALSE,ln(x),ln(y),-1.00E+15,1.00E+15,-1.00E+15,1.00E+15
ala-L.ala-L_1.Heavy,ala-L.ala-L_1.Light,peak_apex_int,uM,,,,,,,linear,1,0,FALSE,ln(x),ln(y),-1.00E+15,1.00E+15,-1.00E+15,1.00E+15
ala-L.ala-L_1.Heavy,ala-L.ala-L_2.Light,peak_apex_int,uM,,,,,,,linear,1,0,FALSE,ln(x),ln(y),-1.00E+15,1.00E+15,-1.00E+15,1.00E+15
uri.uri_1.Heavy,cytd.cytd_1.Light,peak_apex_int,uM,,,,,,,linear,1,0,FALSE,ln(x),ln(y),-1.00E+15,1.00E+15,-1.00E+15,1.00E+15
ura.ura_1.Heavy,ura.ura_1.Light,peak_apex_int,uM,,,,,,,linear,1,0,FALSE,ln(x),ln(y),-1.00E+15,1.00E+15,-1.00E+15,1.00E+15
AICAr.AICAr_1.Heavy,AICAr.AICAr_1.Light,peak_apex_int,uM,,,,,,,linear,1,0,FALSE,ln(x),ln(y),-1.00E+15,1.00E+15,-1.00E+15,1.00E+15
met-L.met-L_1.Heavy,met-L.met-L_1.Light,peak_apex_int,uM,,,,,,,linear,1,0,FALSE,ln(x),ln(y),-1.00E+15,1.00E+15,-1.00E+15,1.00E+15
uri.uri_1.Heavy,uri.uri_1.Light,peak_apex_int,uM,,,,,,,linear,1,0,FALSE,ln(x),ln(y),-1.00E+15,1.00E+15,-1.00E+15,1.00E+15
uri.uri_1.Heavy,uri.uri_2.Light,peak_apex_int,uM,,,,,,,linear,1,0,FALSE,ln(x),ln(y),-1.00E+15,1.00E+15,-1.00E+15,1.00E+15
gua.gua_1.Heavy,gua.gua_1.Light,peak_apex_int,uM,,,,,,,linear,1,0,FALSE,ln(x),ln(y),-1.00E+15,1.00E+15,-1.00E+15,1.00E+15
hxan.hxan_1.Heavy,hxan.hxan_1.Light,peak_apex_int,uM,,,,,,,linear,1,0,FALSE,ln(x),ln(y),-1.00E+15,1.00E+15,-1.00E+15,1.00E+15
tyr-L.tyr-L_1.Heavy,tyr-L.tyr-L_1.Light,peak_apex_int,uM,,,,,,,linear,1,0,FALSE,ln(x),ln(y),-1.00E+15,1.00E+15,-1.00E+15,1.00E+15
tyr-L.tyr-L_1.Heavy,tyr-L.tyr-L_2.Light,peak_apex_int,uM,,,,,,,linear,1,0,FALSE,ln(x),ln(y),-1.00E+15,1.00E+15,-1.00E+15,1.00E+15
xan.xan_1.Heavy,xan.xan_1.Light,peak_apex_int,uM,,,,,,,linear,1,0,FALSE,ln(x),ln(y),-1.00E+15,1.00E+15,-1.00E+15,1.00E+15
ins.ins_1.Heavy,ins.ins_1.Light,peak_apex_int,uM,,,,,,,linear,1,0,FALSE,ln(x),ln(y),-1.00E+15,1.00E+15,-1.00E+15,1.00E+15
ins.ins_1.Heavy,ins.ins_2.Light,peak_apex_int,uM,,,,,,,linear,1,0,FALSE,ln(x),ln(y),-1.00E+15,1.00E+15,-1.00E+15,1.00E+15
gsn.gsn_1.Heavy,gsn.gsn_1.Light,peak_apex_int,uM,,,,,,,linear,1,0,FALSE,ln(x),ln(y),-1.00E+15,1.00E+15,-1.00E+15,1.00E+15
gsn.gsn_1.Heavy,gsn.gsn_2.Light,peak_apex_int,uM,,,,,,,linear,1,0,FALSE,ln(x),ln(y),-1.00E+15,1.00E+15,-1.00E+15,1.00E+15
thym.thym_1.Heavy,thym.thym_1.Light,peak_apex_int,uM,,,,,,,linear,1,0,FALSE,ln(x),ln(y),-1.00E+15,1.00E+15,-1.00E+15,1.00E+15
ade.ade_1.Heavy,ade.ade_1.Light,peak_apex_int,uM,,,,,,,linear,1,0,FALSE,ln(x),ln(y),-1.00E+15,1.00E+15,-1.00E+15,1.00E+15
ade.ade_1.Heavy,ade.ade_2.Light,peak_apex_int,uM,,,,,,,linear,1,0,FALSE,ln(x),ln(y),-1.00E+15,1.00E+15,-1.00E+15,1.00E+15
gam6p.gam6p_1.Heavy,gam6p.gam6p_1.Light,peak_apex_int,uM,,,,,,,linear,1,0,FALSE,ln(x),ln(y),-1.00E+15,1.00E+15,-1.00E+15,1.00E+15
gam6p.gam6p_1.Heavy,gam6p.gam6p_2.Light,peak_apex_int,uM,,,,,,,linear,1,0,FALSE,ln(x),ln(y),-1.00E+15,1.00E+15,-1.00E+15,1.00E+15
adn.adn_1.Heavy,adn.adn_1.Light,peak_apex_int,uM,,,,,,,linear,1,0,FALSE,ln(x),ln(y),-1.00E+15,1.00E+15,-1.00E+15,1.00E+15
phe-L.phe-L_1.Heavy,phe-L.phe-L_1.Light,peak_apex_int,uM,,,,,,,linear,1,0,FALSE,ln(x),ln(y),-1.00E+15,1.00E+15,-1.00E+15,1.00E+15
phe-L.phe-L_1.Heavy,phe-L.phe-L_2.Light,peak_apex_int,uM,,,,,,,linear,1,0,FALSE,ln(x),ln(y),-1.00E+15,1.00E+15,-1.00E+15,1.00E+15
asp-L.asp-L_1.Heavy,asp-L.asp-L_1.Light,peak_apex_int,uM,,,,,,,linear,1,0,FALSE,ln(x),ln(y),-1.00E+15,1.00E+15,-1.00E+15,1.00E+15
asp-L.asp-L_1.Heavy,asp-L.asp-L_2.Light,peak_apex_int,uM,,,,,,,linear,1,0,FALSE,ln(x),ln(y),-1.00E+15,1.00E+15,-1.00E+15,1.00E+15
asp-L.asp-L_1.Heavy,glu-L.glu-L_1.Light,peak_apex_int,uM,,,,,,,linear,1,0,FALSE,ln(x),ln(y),-1.00E+15,1.00E+15,-1.00E+15,1.00E+15
asp-L.asp-L_1.Heavy,glu-L.glu-L_2.Light,peak_apex_int,uM,,,,,,,linear,1,0,FALSE,ln(x),ln(y),-1.00E+15,1.00E+15,-1.00E+15,1.00E+15
glyclt.glyclt_1.Heavy,skm.skm_1.Light,peak_apex_int,uM,,,,,,,linear,1,0,FALSE,ln(x),ln(y),-1.00E+15,1.00E+15,-1.00E+15,1.00E+15
glyclt.glyclt_1.Heavy,skm.skm_2.Light,peak_apex_int,uM,,,,,,,linear,1,0,FALSE,ln(x),ln(y),-1.00E+15,1.00E+15,-1.00E+15,1.00E+15
glx.glx_1.Heavy,glx.glx_1.Light,peak_apex_int,uM,,,,,,,linear,1,0,FALSE,ln(x),ln(y),-1.00E+15,1.00E+15,-1.00E+15,1.00E+15
glyclt.glyclt_1.Heavy,glyclt.glyclt_1.Light,peak_apex_int,uM,,,,,,,linear,1,0,FALSE,ln(x),ln(y),-1.00E+15,1.00E+15,-1.00E+15,1.00E+15
glyclt.glyclt_1.Heavy,glyclt.glyclt_2.Light,peak_apex_int,uM,,,,,,,linear,1,0,FALSE,ln(x),ln(y),-1.00E+15,1.00E+15,-1.00E+15,1.00E+15
trp-L.trp-L_1.Heavy,trp-L.trp-L_1.Light,peak_apex_int,uM,,,,,,,linear,1,0,FALSE,ln(x),ln(y),-1.00E+15,1.00E+15,-1.00E+15,1.00E+15
trp-L.trp-L_1.Heavy,trp-L.trp-L_2.Light,peak_apex_int,uM,,,,,,,linear,1,0,FALSE,ln(x),ln(y),-1.00E+15,1.00E+15,-1.00E+15,1.00E+15
5oxpro.5oxpro_1.Heavy,5oxpro.5oxpro_1.Light,peak_apex_int,uM,,,,,,,linear,1,0,FALSE,ln(x),ln(y),-1.00E+15,1.00E+15,-1.00E+15,1.00E+15
5oxpro.5oxpro_1.Heavy,5oxpro.5oxpro_2.Light,peak_apex_int,uM,,,,,,,linear,1,0,FALSE,ln(x),ln(y),-1.00E+15,1.00E+15,-1.00E+15,1.00E+15
lac-D.lac-D_1.Heavy,lac-D.lac-D_1.Light,peak_apex_int,uM,,,,,,,linear,1,0,FALSE,ln(x),ln(y),-1.00E+15,1.00E+15,-1.00E+15,1.00E+15
lac-D.lac-D_1.Heavy,lac-D.lac-D_2.Light,peak_apex_int,uM,,,,,,,linear,1,0,FALSE,ln(x),ln(y),-1.00E+15,1.00E+15,-1.00E+15,1.00E+15
lac-D.lac-D_1.Heavy,urate.urate_1.Light,peak_apex_int,uM,,,,,,,linear,1,0,FALSE,ln(x),ln(y),-1.00E+15,1.00E+15,-1.00E+15,1.00E+15
lac-D.lac-D_1.Heavy,urate.urate_2.Light,peak_apex_int,uM,,,,,,,linear,1,0,FALSE,ln(x),ln(y),-1.00E+15,1.00E+15,-1.00E+15,1.00E+15
gthrd.gthrd_1.Heavy,gthrd.gthrd_1.Light,peak_apex_int,uM,,,,,,,linear,1,0,FALSE,ln(x),ln(y),-1.00E+15,1.00E+15,-1.00E+15,1.00E+15
gthrd.gthrd_1.Heavy,gthrd.gthrd_2.Light,peak_apex_int,uM,,,,,,,linear,1,0,FALSE,ln(x),ln(y),-1.00E+15,1.00E+15,-1.00E+15,1.00E+15
nad.nad_1.Heavy,nad.nad_1.Light,peak_apex_int,uM,,,,,,,linear,1,0,FALSE,ln(x),ln(y),-1.00E+15,1.00E+15,-1.00E+15,1.00E+15
nad.nad_1.Heavy,nad.nad_2.Light,peak_apex_int,uM,,,,,,,linear,1,0,FALSE,ln(x),ln(y),-1.00E+15,1.00E+15,-1.00E+15,1.00E+15
pyr.pyr_1.Heavy,pyr.pyr_1.Light,peak_apex_int,uM,,,,,,,linear,1,0,FALSE,ln(x),ln(y),-1.00E+15,1.00E+15,-1.00E+15,1.00E+15
pyr.pyr_1.Heavy,pyr.pyr_2.Light,peak_apex_int,uM,,,,,,,linear,1,0,FALSE,ln(x),ln(y),-1.00E+15,1.00E+15,-1.00E+15,1.00E+15
f6p.f6p_1.Heavy,f6p.f6p_1.Light,peak_apex_int,uM,,,,,,,linear,1,0,FALSE,ln(x),ln(y),-1.00E+15,1.00E+15,-1.00E+15,1.00E+15
f6p.f6p_1.Heavy,f6p.f6p_2.Light,peak_apex_int,uM,,,,,,,linear,1,0,FALSE,ln(x),ln(y),-1.00E+15,1.00E+15,-1.00E+15,1.00E+15
g3p.g3p_1.Heavy,g3p.g3p_1.Light,peak_apex_int,uM,,,,,,,linear,1,0,FALSE,ln(x),ln(y),-1.00E+15,1.00E+15,-1.00E+15,1.00E+15
g3p.g3p_1.Heavy,g3p.g3p_2.Light,peak_apex_int,uM,,,,,,,linear,1,0,FALSE,ln(x),ln(y),-1.00E+15,1.00E+15,-1.00E+15,1.00E+15
g6p.g6p_1.Heavy,g6p.g6p_1.Light,peak_apex_int,uM,,,,,,,linear,1,0,FALSE,ln(x),ln(y),-1.00E+15,1.00E+15,-1.00E+15,1.00E+15
g6p.g6p_2.Heavy,g6p.g6p_2.Light,peak_apex_int,uM,,,,,,,linear,1,0,FALSE,ln(x),ln(y),-1.00E+15,1.00E+15,-1.00E+15,1.00E+15
r5p.r5p_1.Heavy,r5p.r5p_1.Light,peak_apex_int,uM,,,,,,,linear,1,0,FALSE,ln(x),ln(y),-1.00E+15,1.00E+15,-1.00E+15,1.00E+15
r5p.r5p_1.Heavy,r5p.r5p_2.Light,peak_apex_int,uM,,,,,,,linear,1,0,FALSE,ln(x),ln(y),-1.00E+15,1.00E+15,-1.00E+15,1.00E+15
s7p.s7p_1.Heavy,s7p.s7p_1.Light,peak_apex_int,uM,,,,,,,linear,1,0,FALSE,ln(x),ln(y),-1.00E+15,1.00E+15,-1.00E+15,1.00E+15
s7p.s7p_1.Heavy,s7p.s7p_2.Light,peak_apex_int,uM,,,,,,,linear,1,0,FALSE,ln(x),ln(y),-1.00E+15,1.00E+15,-1.00E+15,1.00E+15
glyc3p.glyc3p_1.Heavy,glyc3p.glyc3p_1.Light,peak_apex_int,uM,,,,,,,linear,1,0,FALSE,ln(x),ln(y),-1.00E+15,1.00E+15,-1.00E+15,1.00E+15
glyc3p.glyc3p_1.Heavy,glyc3p.glyc3p_2.Light,peak_apex_int,uM,,,,,,,linear,1,0,FALSE,ln(x),ln(y),-1.00E+15,1.00E+15,-1.00E+15,1.00E+15
ara5p.ara5p_1.Heavy,ara5p.ara5p_1.Light,peak_apex_int,uM,,,,,,,linear,1,0,FALSE,ln(x),ln(y),-1.00E+15,1.00E+15,-1.00E+15,1.00E+15
ara5p.ara5p_1.Heavy,ara5p.ara5p_2.Light,peak_apex_int,uM,,,,,,,linear,1,0,FALSE,ln(x),ln(y),-1.00E+15,1.00E+15,-1.00E+15,1.00E+15
f6p.f6p_1.Heavy,g1p.g1p_1.Light,peak_apex_int,uM,,,,,,,linear,1,0,FALSE,ln(x),ln(y),-1.00E+15,1.00E+15,-1.00E+15,1.00E+15
f6p.f6p_1.Heavy,g1p.g1p_2.Light,peak_apex_int,uM,,,,,,,linear,1,0,FALSE,ln(x),ln(y),-1.00E+15,1.00E+15,-1.00E+15,1.00E+15
cmp.cmp_1.Heavy,cmp.cmp_1.Light,peak_apex_int,uM,,,,,,,linear,1,0,FALSE,ln(x),ln(y),-1.00E+15,1.00E+15,-1.00E+15,1.00E+15
cmp.cmp_1.Heavy,cmp.cmp_2.Light,peak_apex_int,uM,,,,,,,linear,1,0,FALSE,ln(x),ln(y),-1.00E+15,1.00E+15,-1.00E+15,1.00E+15
ru5p-D.ru5p-D_1.Heavy,ru5p-D.ru5p-D_1.Light,peak_apex_int,uM,,,,,,,linear,1,0,FALSE,ln(x),ln(y),-1.00E+15,1.00E+15,-1.00E+15,1.00E+15
ru5p-D.ru5p-D_1.Heavy,ru5p-D.ru5p-D_2.Light,peak_apex_int,uM,,,,,,,linear,1,0,FALSE,ln(x),ln(y),-1.00E+15,1.00E+15,-1.00E+15,1.00E+15
2obut.2obut_1.Heavy,2obut.2obut_1.Light,peak_apex_int,uM,,,,,,,linear,1,0,FALSE,ln(x),ln(y),-1.00E+15,1.00E+15,-1.00E+15,1.00E+15
2obut.2obut_1.Heavy,2obut.2obut_2.Light,peak_apex_int,uM,,,,,,,linear,1,0,FALSE,ln(x),ln(y),-1.00E+15,1.00E+15,-1.00E+15,1.00E+15
f1p.f1p_1.Heavy,f1p.f1p_1.Light,peak_apex_int,uM,,,,,,,linear,1,0,FALSE,ln(x),ln(y),-1.00E+15,1.00E+15,-1.00E+15,1.00E+15
f1p.f1p_1.Heavy,f1p.f1p_2.Light,peak_apex_int,uM,,,,,,,linear,1,0,FALSE,ln(x),ln(y),-1.00E+15,1.00E+15,-1.00E+15,1.00E+15
xu5p-D.xu5p-D_1.Heavy,xu5p-D.xu5p-D_1.Light,peak_apex_int,uM,,,,,,,linear,1,0,FALSE,ln(x),ln(y),-1.00E+15,1.00E+15,-1.00E+15,1.00E+15
xu5p-D.xu5p-D_1.Heavy,xu5p-D.xu5p-D_2.Light,peak_apex_int,uM,,,,,,,linear,1,0,FALSE,ln(x),ln(y),-1.00E+15,1.00E+15,-1.00E+15,1.00E+15
dcmp.dcmp_1.Heavy,dcmp.dcmp_1.Light,peak_apex_int,uM,,,,,,,linear,1,0,FALSE,ln(x),ln(y),-1.00E+15,1.00E+15,-1.00E+15,1.00E+15
dcmp.dcmp_1.Heavy,dcmp.dcmp_2.Light,peak_apex_int,uM,,,,,,,linear,1,0,FALSE,ln(x),ln(y),-1.00E+15,1.00E+15,-1.00E+15,1.00E+15
ump.ump_1.Heavy,ump.ump_1.Light,peak_apex_int,uM,,,,,,,linear,1,0,FALSE,ln(x),ln(y),-1.00E+15,1.00E+15,-1.00E+15,1.00E+15
ump.ump_1.Heavy,ump.ump_2.Light,peak_apex_int,uM,,,,,,,linear,1,0,FALSE,ln(x),ln(y),-1.00E+15,1.00E+15,-1.00E+15,1.00E+15
dhap.dhap_1.Heavy,dhap.dhap_1.Light,peak_apex_int,uM,,,,,,,linear,1,0,FALSE,ln(x),ln(y),-1.00E+15,1.00E+15,-1.00E+15,1.00E+15
dhap.dhap_1.Heavy,dhap.dhap_2.Light,peak_apex_int,uM,,,,,,,linear,1,0,FALSE,ln(x),ln(y),-1.00E+15,1.00E+15,-1.00E+15,1.00E+15
ump.ump_1.Heavy,dump.dump_1.Light,peak_apex_int,uM,,,,,,,linear,1,0,FALSE,ln(x),ln(y),-1.00E+15,1.00E+15,-1.00E+15,1.00E+15
ump.ump_1.Heavy,dump.dump_2.Light,peak_apex_int,uM,,,,,,,linear,1,0,FALSE,ln(x),ln(y),-1.00E+15,1.00E+15,-1.00E+15,1.00E+15
imp.imp_1.Heavy,dimp.dimp_1.Light,peak_apex_int,uM,,,,,,,linear,1,0,FALSE,ln(x),ln(y),-1.00E+15,1.00E+15,-1.00E+15,1.00E+15
imp.imp_1.Heavy,dimp.dimp_2.Light,peak_apex_int,uM,,,,,,,linear,1,0,FALSE,ln(x),ln(y),-1.00E+15,1.00E+15,-1.00E+15,1.00E+15
camp.camp_1.Heavy,35cgmp.35cgmp_1.Light,peak_apex_int,uM,,,,,,,linear,1,0,FALSE,ln(x),ln(y),-1.00E+15,1.00E+15,-1.00E+15,1.00E+15
camp.camp_1.Heavy,35cgmp.35cgmp_2.Light,peak_apex_int,uM,,,,,,,linear,1,0,FALSE,ln(x),ln(y),-1.00E+15,1.00E+15,-1.00E+15,1.00E+15
dgmp.dgmp_1.Heavy,dgmp.dgmp_1.Light,peak_apex_int,uM,,,,,,,linear,1,0,FALSE,ln(x),ln(y),-1.00E+15,1.00E+15,-1.00E+15,1.00E+15
dgmp.dgmp_1.Heavy,dgmp.dgmp_2.Light,peak_apex_int,uM,,,,,,,linear,1,0,FALSE,ln(x),ln(y),-1.00E+15,1.00E+15,-1.00E+15,1.00E+15
dtmp.dtmp_1.Heavy,dtmp.dtmp_1.Light,peak_apex_int,uM,,,,,,,linear,1,0,FALSE,ln(x),ln(y),-1.00E+15,1.00E+15,-1.00E+15,1.00E+15
ribflv.ribflv_1.Heavy,ribflv.ribflv_1.Light,peak_apex_int,uM,,,,,,,linear,1,0,FALSE,ln(x),ln(y),-1.00E+15,1.00E+15,-1.00E+15,1.00E+15
amp.amp_1.Heavy,amp.amp_1.Light,peak_apex_int,uM,,,,,,,linear,1,0,FALSE,ln(x),ln(y),-1.00E+15,1.00E+15,-1.00E+15,1.00E+15
amp.amp_1.Heavy,amp.amp_2.Light,peak_apex_int,uM,,,,,,,linear,1,0,FALSE,ln(x),ln(y),-1.00E+15,1.00E+15,-1.00E+15,1.00E+15
gmp.gmp_1.Heavy,gmp.gmp_1.Light,peak_apex_int,uM,,,,,,,linear,1,0,FALSE,ln(x),ln(y),-1.00E+15,1.00E+15,-1.00E+15,1.00E+15
gmp.gmp_1.Heavy,gmp.gmp_2.Light,peak_apex_int,uM,,,,,,,linear,1,0,FALSE,ln(x),ln(y),-1.00E+15,1.00E+15,-1.00E+15,1.00E+15
imp.imp_1.Heavy,imp.imp_1.Light,peak_apex_int,uM,,,,,,,linear,1,0,FALSE,ln(x),ln(y),-1.00E+15,1.00E+15,-1.00E+15,1.00E+15
imp.imp_1.Heavy,imp.imp_2.Light,peak_apex_int,uM,,,,,,,linear,1,0,FALSE,ln(x),ln(y),-1.00E+15,1.00E+15,-1.00E+15,1.00E+15
camp.camp_1.Heavy,camp.camp_1.Light,peak_apex_int,uM,,,,,,,linear,1,0,FALSE,ln(x),ln(y),-1.00E+15,1.00E+15,-1.00E+15,1.00E+15
camp.camp_1.Heavy,camp.camp_2.Light,peak_apex_int,uM,,,,,,,linear,1,0,FALSE,ln(x),ln(y),-1.00E+15,1.00E+15,-1.00E+15,1.00E+15
gthox.gthox_1.Heavy,gthox.gthox_1.Light,peak_apex_int,uM,,,,,,,linear,1,0,FALSE,ln(x),ln(y),-1.00E+15,1.00E+15,-1.00E+15,1.00E+15
gthox.gthox_1.Heavy,gthox.gthox_2.Light,peak_apex_int,uM,,,,,,,linear,1,0,FALSE,ln(x),ln(y),-1.00E+15,1.00E+15,-1.00E+15,1.00E+15
dtmp.dtmp_1.Heavy,btn.btn_1.Light,peak_apex_int,uM,,,,,,,linear,1,0,FALSE,ln(x),ln(y),-1.00E+15,1.00E+15,-1.00E+15,1.00E+15
dtmp.dtmp_1.Heavy,btn.btn_2.Light,peak_apex_int,uM,,,,,,,linear,1,0,FALSE,ln(x),ln(y),-1.00E+15,1.00E+15,-1.00E+15,1.00E+15
mmal.mmal_1.Heavy,mmal.mmal_1.Light,peak_apex_int,uM,,,,,,,linear,1,0,FALSE,ln(x),ln(y),-1.00E+15,1.00E+15,-1.00E+15,1.00E+15
mmal.mmal_1.Heavy,mmal.mmal_2.Light,peak_apex_int,uM,,,,,,,linear,1,0,FALSE,ln(x),ln(y),-1.00E+15,1.00E+15,-1.00E+15,1.00E+15
succ.succ_1.Heavy,succ.succ_1.Light,peak_apex_int,uM,,,,,,,linear,1,0,FALSE,ln(x),ln(y),-1.00E+15,1.00E+15,-1.00E+15,1.00E+15
succ.succ_1.Heavy,succ.succ_2.Light,peak_apex_int,uM,,,,,,,linear,1,0,FALSE,ln(x),ln(y),-1.00E+15,1.00E+15,-1.00E+15,1.00E+15
mal-L.mal-L_1.Heavy,mal-L.mal-L_1.Light,peak_apex_int,uM,,,,,,,linear,1,0,FALSE,ln(x),ln(y),-1.00E+15,1.00E+15,-1.00E+15,1.00E+15
glutacon.glutacon_1.Heavy,glutacon.glutacon_1.Light,peak_apex_int,uM,,,,,,,linear,1,0,FALSE,ln(x),ln(y),-1.00E+15,1.00E+15,-1.00E+15,1.00E+15
fum.fum_1.Heavy,fum.fum_1.Light,peak_apex_int,uM,,,,,,,linear,1,0,FALSE,ln(x),ln(y),-1.00E+15,1.00E+15,-1.00E+15,1.00E+15
udpg.udpg_1.Heavy,udpg.udpg_1.Light,peak_apex_int,uM,,,,,,,linear,1,0,FALSE,ln(x),ln(y),-1.00E+15,1.00E+15,-1.00E+15,1.00E+15
udpg.udpg_1.Heavy,udpg.udpg_2.Light,peak_apex_int,uM,,,,,,,linear,1,0,FALSE,ln(x),ln(y),-1.00E+15,1.00E+15,-1.00E+15,1.00E+15
damp.damp_1.Heavy,damp.damp_1.Light,peak_apex_int,uM,,,,,,,linear,1,0,FALSE,ln(x),ln(y),-1.00E+15,1.00E+15,-1.00E+15,1.00E+15
damp.damp_1.Heavy,damp.damp_2.Light,peak_apex_int,uM,,,,,,,linear,1,0,FALSE,ln(x),ln(y),-1.00E+15,1.00E+15,-1.00E+15,1.00E+15
fum.fum_1.Heavy,oxa.oxa_1.Light,peak_apex_int,uM,,,,,,,linear,1,0,FALSE,ln(x),ln(y),-1.00E+15,1.00E+15,-1.00E+15,1.00E+15
fum.fum_1.Heavy,oxa.oxa_2.Light,peak_apex_int,uM,,,,,,,linear,1,0,FALSE,ln(x),ln(y),-1.00E+15,1.00E+15,-1.00E+15,1.00E+15
akg.akg_1.Heavy,actp.actp_1.Light,peak_apex_int,uM,,,,,,,linear,1,0,FALSE,ln(x),ln(y),-1.00E+15,1.00E+15,-1.00E+15,1.00E+15
akg.akg_1.Heavy,actp.actp_2.Light,peak_apex_int,uM,,,,,,,linear,1,0,FALSE,ln(x),ln(y),-1.00E+15,1.00E+15,-1.00E+15,1.00E+15
akg.akg_1.Heavy,akg.akg_1.Light,peak_apex_int,uM,,,,,,,linear,1,0,FALSE,ln(x),ln(y),-1.00E+15,1.00E+15,-1.00E+15,1.00E+15
oaa.oaa_1.Heavy,oaa.oaa_1.Light,peak_apex_int,uM,,,,,,,linear,1,0,FALSE,ln(x),ln(y),-1.00E+15,1.00E+15,-1.00E+15,1.00E+15
adpglc.adpglc_1.Heavy,dtdpglu.dtdpglu_1.Light,peak_apex_int,uM,,,,,,,linear,1,0,FALSE,ln(x),ln(y),-1.00E+15,1.00E+15,-1.00E+15,1.00E+15
adpglc.adpglc_1.Heavy,dtdpglu.dtdpglu_2.Light,peak_apex_int,uM,,,,,,,linear,1,0,FALSE,ln(x),ln(y),-1.00E+15,1.00E+15,-1.00E+15,1.00E+15
nadh.nadh_1.Heavy,nadh.nadh_1.Light,peak_apex_int,uM,,,,,,,linear,1,0,FALSE,ln(x),ln(y),-1.00E+15,1.00E+15,-1.00E+15,1.00E+15
nadh.nadh_1.Heavy,nadh.nadh_2.Light,peak_apex_int,uM,,,,,,,linear,1,0,FALSE,ln(x),ln(y),-1.00E+15,1.00E+15,-1.00E+15,1.00E+15
adpglc.adpglc_1.Heavy,adpglc.adpglc_1.Light,peak_apex_int,uM,,,,,,,linear,1,0,FALSE,ln(x),ln(y),-1.00E+15,1.00E+15,-1.00E+15,1.00E+15
adpglc.adpglc_1.Heavy,adpglc.adpglc_2.Light,peak_apex_int,uM,,,,,,,linear,1,0,FALSE,ln(x),ln(y),-1.00E+15,1.00E+15,-1.00E+15,1.00E+15
akg.akg_1.Heavy,chor.chor_1.Light,peak_apex_int,uM,,,,,,,linear,1,0,FALSE,ln(x),ln(y),-1.00E+15,1.00E+15,-1.00E+15,1.00E+15
ribflv.ribflv_1.Heavy,fol.fol_1.Light,peak_apex_int,uM,,,,,,,linear,1,0,FALSE,ln(x),ln(y),-1.00E+15,1.00E+15,-1.00E+15,1.00E+15
ribflv.ribflv_1.Heavy,fol.fol_2.Light,peak_apex_int,uM,,,,,,,linear,1,0,FALSE,ln(x),ln(y),-1.00E+15,1.00E+15,-1.00E+15,1.00E+15
dgdp.dgdp_1.Heavy,dgdp.dgdp_1.Light,peak_apex_int,uM,,,,,,,linear,1,0,FALSE,ln(x),ln(y),-1.00E+15,1.00E+15,-1.00E+15,1.00E+15
dgdp.dgdp_1.Heavy,dgdp.dgdp_2.Light,peak_apex_int,uM,,,,,,,linear,1,0,FALSE,ln(x),ln(y),-1.00E+15,1.00E+15,-1.00E+15,1.00E+15
gdp.gdp_1.Heavy,gdp.gdp_1.Light,peak_apex_int,uM,,,,,,,linear,1,0,FALSE,ln(x),ln(y),-1.00E+15,1.00E+15,-1.00E+15,1.00E+15
gdp.gdp_1.Heavy,gdp.gdp_2.Light,peak_apex_int,uM,,,,,,,linear,1,0,FALSE,ln(x),ln(y),-1.00E+15,1.00E+15,-1.00E+15,1.00E+15
6pgc.6pgc_1.Heavy,6pgc.6pgc_1.Light,peak_apex_int,uM,,,,,,,linear,1,0,FALSE,ln(x),ln(y),-1.00E+15,1.00E+15,-1.00E+15,1.00E+15
Pool_2pg_3pg.Pool_2pg_3pg_1.Heavy,Pool_2pg_3pg.Pool_2pg_3pg_1.Light,peak_apex_int,uM,,,,,,,linear,1,0,FALSE,ln(x),ln(y),-1.00E+15,1.00E+15,-1.00E+15,1.00E+15
Pool_2pg_3pg.Pool_2pg_3pg_1.Heavy,Pool_2pg_3pg.Pool_2pg_3pg_2.Light,peak_apex_int,uM,,,,,,,linear,1,0,FALSE,ln(x),ln(y),-1.00E+15,1.00E+15,-1.00E+15,1.00E+15
dcdp.dcdp_1.Heavy,dcdp.dcdp_1.Light,peak_apex_int,uM,,,,,,,linear,1,0,FALSE,ln(x),ln(y),-1.00E+15,1.00E+15,-1.00E+15,1.00E+15
dcdp.dcdp_1.Heavy,dcdp.dcdp_2.Light,peak_apex_int,uM,,,,,,,linear,1,0,FALSE,ln(x),ln(y),-1.00E+15,1.00E+15,-1.00E+15,1.00E+15
adp.adp_1.Heavy,adp.adp_1.Light,peak_apex_int,uM,,,,,,,linear,1,0,FALSE,ln(x),ln(y),-1.00E+15,1.00E+15,-1.00E+15,1.00E+15
adp.adp_1.Heavy,adp.adp_2.Light,peak_apex_int,uM,,,,,,,linear,1,0,FALSE,ln(x),ln(y),-1.00E+15,1.00E+15,-1.00E+15,1.00E+15
cit.cit_1.Heavy,2mcit.2mcit_1.Light,peak_apex_int,uM,,,,,,,linear,1,0,FALSE,ln(x),ln(y),-1.00E+15,1.00E+15,-1.00E+15,1.00E+15
cit.cit_1.Heavy,2mcit.2mcit_2.Light,peak_apex_int,uM,,,,,,,linear,1,0,FALSE,ln(x),ln(y),-1.00E+15,1.00E+15,-1.00E+15,1.00E+15
udp.udp_1.Heavy,udp.udp_1.Light,peak_apex_int,uM,,,,,,,linear,1,0,FALSE,ln(x),ln(y),-1.00E+15,1.00E+15,-1.00E+15,1.00E+15
udp.udp_1.Heavy,udp.udp_2.Light,peak_apex_int,uM,,,,,,,linear,1,0,FALSE,ln(x),ln(y),-1.00E+15,1.00E+15,-1.00E+15,1.00E+15
acon-C.acon-C_1.Heavy,acon-C.acon-C_1.Light,peak_apex_int,uM,,,,,,,linear,1,0,FALSE,ln(x),ln(y),-1.00E+15,1.00E+15,-1.00E+15,1.00E+15
acon-C.acon-C_1.Heavy,acon-C.acon-C_2.Light,peak_apex_int,uM,,,,,,,linear,1,0,FALSE,ln(x),ln(y),-1.00E+15,1.00E+15,-1.00E+15,1.00E+15
nadp.nadp_1.Heavy,nadp.nadp_1.Light,peak_apex_int,uM,,,,,,,linear,1,0,FALSE,ln(x),ln(y),-1.00E+15,1.00E+15,-1.00E+15,1.00E+15
nadp.nadp_1.Heavy,nadp.nadp_2.Light,peak_apex_int,uM,,,,,,,linear,1,0,FALSE,ln(x),ln(y),-1.00E+15,1.00E+15,-1.00E+15,1.00E+15
pep.pep_1.Heavy,pep.pep_1.Light,peak_apex_int,uM,,,,,,,linear,1,0,FALSE,ln(x),ln(y),-1.00E+15,1.00E+15,-1.00E+15,1.00E+15
pep.pep_1.Heavy,pep.pep_2.Light,peak_apex_int,uM,,,,,,,linear,1,0,FALSE,ln(x),ln(y),-1.00E+15,1.00E+15,-1.00E+15,1.00E+15
dadp.dadp_1.Heavy,dadp.dadp_1.Light,peak_apex_int,uM,,,,,,,linear,1,0,FALSE,ln(x),ln(y),-1.00E+15,1.00E+15,-1.00E+15,1.00E+15
dadp.dadp_1.Heavy,dadp.dadp_2.Light,peak_apex_int,uM,,,,,,,linear,1,0,FALSE,ln(x),ln(y),-1.00E+15,1.00E+15,-1.00E+15,1.00E+15
cit.cit_1.Heavy,cit.cit_1.Light,peak_apex_int,uM,,,,,,,linear,1,0,FALSE,ln(x),ln(y),-1.00E+15,1.00E+15,-1.00E+15,1.00E+15
cit.cit_1.Heavy,cit.cit_2.Light,peak_apex_int,uM,,,,,,,linear,1,0,FALSE,ln(x),ln(y),-1.00E+15,1.00E+15,-1.00E+15,1.00E+15
cit.cit_1.Heavy,icit.icit_1.Light,peak_apex_int,uM,,,,,,,linear,1,0,FALSE,ln(x),ln(y),-1.00E+15,1.00E+15,-1.00E+15,1.00E+15
cit.cit_1.Heavy,icit.icit_2.Light,peak_apex_int,uM,,,,,,,linear,1,0,FALSE,ln(x),ln(y),-1.00E+15,1.00E+15,-1.00E+15,1.00E+15
fad.fad_1.Heavy,fad.fad_1.Light,peak_apex_int,uM,,,,,,,linear,1,0,FALSE,ln(x),ln(y),-1.00E+15,1.00E+15,-1.00E+15,1.00E+15
fad.fad_1.Heavy,fad.fad_2.Light,peak_apex_int,uM,,,,,,,linear,1,0,FALSE,ln(x),ln(y),-1.00E+15,1.00E+15,-1.00E+15,1.00E+15
fdp.fdp_1.Heavy,fdp.fdp_1.Light,peak_apex_int,uM,,,,,,,linear,1,0,FALSE,ln(x),ln(y),-1.00E+15,1.00E+15,-1.00E+15,1.00E+15
fdp.fdp_1.Heavy,fdp.fdp_2.Light,peak_apex_int,uM,,,,,,,linear,1,0,FALSE,ln(x),ln(y),-1.00E+15,1.00E+15,-1.00E+15,1.00E+15
udpglcur.udpglcur_1.Heavy,udpglcur.udpglcur_1.Light,peak_apex_int,uM,,,,,,,linear,1,0,FALSE,ln(x),ln(y),-1.00E+15,1.00E+15,-1.00E+15,1.00E+15
udpglcur.udpglcur_1.Heavy,udpglcur.udpglcur_2.Light,peak_apex_int,uM,,,,,,,linear,1,0,FALSE,ln(x),ln(y),-1.00E+15,1.00E+15,-1.00E+15,1.00E+15
dgtp.dgtp_1.Heavy,dgtp.dgtp_1.Light,peak_apex_int,uM,,,,,,,linear,1,0,FALSE,ln(x),ln(y),-1.00E+15,1.00E+15,-1.00E+15,1.00E+15
dctp.dctp_1.Heavy,ctp.ctp_1.Light,peak_apex_int,uM,,,,,,,linear,1,0,FALSE,ln(x),ln(y),-1.00E+15,1.00E+15,-1.00E+15,1.00E+15
dctp.dctp_1.Heavy,ctp.ctp_2.Light,peak_apex_int,uM,,,,,,,linear,1,0,FALSE,ln(x),ln(y),-1.00E+15,1.00E+15,-1.00E+15,1.00E+15
dctp.dctp_1.Heavy,dctp.dctp_1.Light,peak_apex_int,uM,,,,,,,linear,1,0,FALSE,ln(x),ln(y),-1.00E+15,1.00E+15,-1.00E+15,1.00E+15
dctp.dctp_1.Heavy,dctp.dctp_2.Light,peak_apex_int,uM,,,,,,,linear,1,0,FALSE,ln(x),ln(y),-1.00E+15,1.00E+15,-1.00E+15,1.00E+15
datp.datp_1.Heavy,ditp.ditp_1.Light,peak_apex_int,uM,,,,,,,linear,1,0,FALSE,ln(x),ln(y),-1.00E+15,1.00E+15,-1.00E+15,1.00E+15
datp.datp_1.Heavy,ditp.ditp_2.Light,peak_apex_int,uM,,,,,,,linear,1,0,FALSE,ln(x),ln(y),-1.00E+15,1.00E+15,-1.00E+15,1.00E+15
datp.datp_1.Heavy,dutp.dutp_1.Light,peak_apex_int,uM,,,,,,,linear,1,0,FALSE,ln(x),ln(y),-1.00E+15,1.00E+15,-1.00E+15,1.00E+15
datp.datp_1.Heavy,dutp.dutp_2.Light,peak_apex_int,uM,,,,,,,linear,1,0,FALSE,ln(x),ln(y),-1.00E+15,1.00E+15,-1.00E+15,1.00E+15
datp.datp_1.Heavy,itp.itp_1.Light,peak_apex_int,uM,,,,,,,linear,1,0,FALSE,ln(x),ln(y),-1.00E+15,1.00E+15,-1.00E+15,1.00E+15
datp.datp_1.Heavy,itp.itp_2.Light,peak_apex_int,uM,,,,,,,linear,1,0,FALSE,ln(x),ln(y),-1.00E+15,1.00E+15,-1.00E+15,1.00E+15
utp.utp_1.Heavy,utp.utp_1.Light,peak_apex_int,uM,,,,,,,linear,1,0,FALSE,ln(x),ln(y),-1.00E+15,1.00E+15,-1.00E+15,1.00E+15
utp.utp_1.Heavy,utp.utp_2.Light,peak_apex_int,uM,,,,,,,linear,1,0,FALSE,ln(x),ln(y),-1.00E+15,1.00E+15,-1.00E+15,1.00E+15
23dpg.23dpg_1.Heavy,23dpg.23dpg_1.Light,peak_apex_int,uM,,,,,,,linear,1,0,FALSE,ln(x),ln(y),-1.00E+15,1.00E+15,-1.00E+15,1.00E+15
23dpg.23dpg_1.Heavy,23dpg.23dpg_2.Light,peak_apex_int,uM,,,,,,,linear,1,0,FALSE,ln(x),ln(y),-1.00E+15,1.00E+15,-1.00E+15,1.00E+15
atp.atp_1.Heavy,atp.atp_1.Light,peak_apex_int,uM,,,,,,,linear,1,0,FALSE,ln(x),ln(y),-1.00E+15,1.00E+15,-1.00E+15,1.00E+15
atp.atp_1.Heavy,atp.atp_2.Light,peak_apex_int,uM,,,,,,,linear,1,0,FALSE,ln(x),ln(y),-1.00E+15,1.00E+15,-1.00E+15,1.00E+15
datp.datp_1.Heavy,datp.datp_1.Light,peak_apex_int,uM,,,,,,,linear,1,0,FALSE,ln(x),ln(y),-1.00E+15,1.00E+15,-1.00E+15,1.00E+15
datp.datp_1.Heavy,datp.datp_2.Light,peak_apex_int,uM,,,,,,,linear,1,0,FALSE,ln(x),ln(y),-1.00E+15,1.00E+15,-1.00E+15,1.00E+15
datp.datp_1.Heavy,dttp.dttp_1.Light,peak_apex_int,uM,,,,,,,linear,1,0,FALSE,ln(x),ln(y),-1.00E+15,1.00E+15,-1.00E+15,1.00E+15
datp.datp_1.Heavy,dttp.dttp_2.Light,peak_apex_int,uM,,,,,,,linear,1,0,FALSE,ln(x),ln(y),-1.00E+15,1.00E+15,-1.00E+15,1.00E+15
gtp.gtp_1.Heavy,gtp.gtp_1.Light,peak_apex_int,uM,,,,,,,linear,1,0,FALSE,ln(x),ln(y),-1.00E+15,1.00E+15,-1.00E+15,1.00E+15
gtp.gtp_1.Heavy,gtp.gtp_2.Light,peak_apex_int,uM,,,,,,,linear,1,0,FALSE,ln(x),ln(y),-1.00E+15,1.00E+15,-1.00E+15,1.00E+15
prpp.prpp_1.Heavy,prpp.prpp_1.Light,peak_apex_int,uM,,,,,,,linear,1,0,FALSE,ln(x),ln(y),-1.00E+15,1.00E+15,-1.00E+15,1.00E+15
prpp.prpp_1.Heavy,prpp.prpp_2.Light,peak_apex_int,uM,,,,,,,linear,1,0,FALSE,ln(x),ln(y),-1.00E+15,1.00E+15,-1.00E+15,1.00E+15
nadph.nadph_1.Heavy,nadph.nadph_1.Light,peak_apex_int,uM,,,,,,,linear,1,0,FALSE,ln(x),ln(y),-1.00E+15,1.00E+15,-1.00E+15,1.00E+15
nadph.nadph_1.Heavy,nadph.nadph_2.Light,peak_apex_int,uM,,,,,,,linear,1,0,FALSE,ln(x),ln(y),-1.00E+15,1.00E+15,-1.00E+15,1.00E+15
phpyr.phpyr_1.Heavy,phpyr.phpyr_1.Light,peak_apex_int,uM,,,,,,,linear,1,0,FALSE,ln(x),ln(y),-1.00E+15,1.00E+15,-1.00E+15,1.00E+15
phpyr.phpyr_1.Heavy,phpyr.phpyr_2.Light,peak_apex_int,uM,,,,,,,linear,1,0,FALSE,ln(x),ln(y),-1.00E+15,1.00E+15,-1.00E+15,1.00E+15
coa.coa_1.Heavy,coa.coa_1.Light,peak_apex_int,uM,,,,,,,linear,1,0,FALSE,ln(x),ln(y),-1.00E+15,1.00E+15,-1.00E+15,1.00E+15
accoa.accoa_1.Heavy,accoa.accoa_1.Light,peak_apex_int,uM,,,,,,,linear,1,0,FALSE,ln(x),ln(y),-1.00E+15,1.00E+15,-1.00E+15,1.00E+15
accoa.accoa_1.Heavy,malcoa.malcoa_1.Light,peak_apex_int,uM,,,,,,,linear,1,0,FALSE,ln(x),ln(y),-1.00E+15,1.00E+15,-1.00E+15,1.00E+15
accoa.accoa_1.Heavy,succoa.succoa_1.Light,peak_apex_int,uM,,,,,,,linear,1,0,FALSE,ln(x),ln(y),-1.00E+15,1.00E+15,-1.00E+15,1.00E+15
