IS_name,component_name,feature_name,concentration_units,llod,ulod,lloq,uloq,correlation_coefficient,actual_concentration,n_points,transformation_model,transformation_model_param_slope,transformation_model_param_intercept,transformation_model_param_x_weight,transformation_model_param_y_weight,transformation_model_param_x_datum_min,transformation_model_param_x_datum_max,transformation_model_param_y_datum_min,transformation_model_param_y_datum_max
,Ala_232,peak_apex_int,uM,,,,,,,,linear,1,0,ln(x),ln(y),1.00E-15,1.00E+15,1.00E-15,1.00E+15
,Ala_233,peak_apex_int,uM,,,,,,,,linear,1,0,ln(x),ln(y),1.00E-15,1.00E+15,1.00E-15,1.00E+15
,Ala_234,peak_apex_int,uM,,,,,,,,linear,1,0,ln(x),ln(y),1.00E-15,1.00E+15,1.00E-15,1.00E+15
,Ala_260,peak_apex_int,uM,,,,,,,,linear,1,0,ln(x),ln(y),1.00E-15,1.00E+15,1.00E-15,1.00E+15
,Ala_261,peak_apex_int,uM,,,,,,,,linear,1,0,ln(x),ln(y),1.00E-15,1.00E+15,1.00E-15,1.00E+15
,Ala_262,peak_apex_int,uM,,,,,,,,linear,1,0,ln(x),ln(y),1.00E-15,1.00E+15,1.00E-15,1.00E+15
,Ala_263,peak_apex_int,uM,,,,,,,,linear,1,0,ln(x),ln(y),1.00E-15,1.00E+15,1.00E-15,1.00E+15
,Gly_218,peak_apex_int,uM,,,,,,,,linear,1,0,ln(x),ln(y),1.00E-15,1.00E+15,1.00E-15,1.00E+15
,Gly_219,peak_apex_int,uM,,,,,,,,linear,1,0,ln(x),ln(y),1.00E-15,1.00E+15,1.00E-15,1.00E+15
,Gly_246,peak_apex_int,uM,,,,,,,,linear,1,0,ln(x),ln(y),1.00E-15,1.00E+15,1.00E-15,1.00E+15
,Gly_247,peak_apex_int,uM,,,,,,,,linear,1,0,ln(x),ln(y),1.00E-15,1.00E+15,1.00E-15,1.00E+15
,Gly_248,peak_apex_int,uM,,,,,,,,linear,1,0,ln(x),ln(y),1.00E-15,1.00E+15,1.00E-15,1.00E+15
,Val_260,peak_apex_int,uM,,,,,,,,linear,1,0,ln(x),ln(y),1.00E-15,1.00E+15,1.00E-15,1.00E+15
,Val_261,peak_apex_int,uM,,,,,,,,linear,1,0,ln(x),ln(y),1.00E-15,1.00E+15,1.00E-15,1.00E+15
,Val_262,peak_apex_int,uM,,,,,,,,linear,1,0,ln(x),ln(y),1.00E-15,1.00E+15,1.00E-15,1.00E+15
,Val_263,peak_apex_int,uM,,,,,,,,linear,1,0,ln(x),ln(y),1.00E-15,1.00E+15,1.00E-15,1.00E+15
,Val_264,peak_apex_int,uM,,,,,,,,linear,1,0,ln(x),ln(y),1.00E-15,1.00E+15,1.00E-15,1.00E+15
,Val_288,peak_apex_int,uM,,,,,,,,linear,1,0,ln(x),ln(y),1.00E-15,1.00E+15,1.00E-15,1.00E+15
,Val_289,peak_apex_int,uM,,,,,,,,linear,1,0,ln(x),ln(y),1.00E-15,1.00E+15,1.00E-15,1.00E+15
,Val_290,peak_apex_int,uM,,,,,,,,linear,1,0,ln(x),ln(y),1.00E-15,1.00E+15,1.00E-15,1.00E+15
,Val_291,peak_apex_int,uM,,,,,,,,linear,1,0,ln(x),ln(y),1.00E-15,1.00E+15,1.00E-15,1.00E+15
,Val_292,peak_apex_int,uM,,,,,,,,linear,1,0,ln(x),ln(y),1.00E-15,1.00E+15,1.00E-15,1.00E+15
,Val_293,peak_apex_int,uM,,,,,,,,linear,1,0,ln(x),ln(y),1.00E-15,1.00E+15,1.00E-15,1.00E+15
,Leu_274,peak_apex_int,uM,,,,,,,,linear,1,0,ln(x),ln(y),1.00E-15,1.00E+15,1.00E-15,1.00E+15
,Leu_275,peak_apex_int,uM,,,,,,,,linear,1,0,ln(x),ln(y),1.00E-15,1.00E+15,1.00E-15,1.00E+15
,Leu_276,peak_apex_int,uM,,,,,,,,linear,1,0,ln(x),ln(y),1.00E-15,1.00E+15,1.00E-15,1.00E+15
,Leu_277,peak_apex_int,uM,,,,,,,,linear,1,0,ln(x),ln(y),1.00E-15,1.00E+15,1.00E-15,1.00E+15
,Leu_278,peak_apex_int,uM,,,,,,,,linear,1,0,ln(x),ln(y),1.00E-15,1.00E+15,1.00E-15,1.00E+15
,Leu_279,peak_apex_int,uM,,,,,,,,linear,1,0,ln(x),ln(y),1.00E-15,1.00E+15,1.00E-15,1.00E+15
,Ile_274,peak_apex_int,uM,,,,,,,,linear,1,0,ln(x),ln(y),1.00E-15,1.00E+15,1.00E-15,1.00E+15
,Ile_275,peak_apex_int,uM,,,,,,,,linear,1,0,ln(x),ln(y),1.00E-15,1.00E+15,1.00E-15,1.00E+15
,Ile_276,peak_apex_int,uM,,,,,,,,linear,1,0,ln(x),ln(y),1.00E-15,1.00E+15,1.00E-15,1.00E+15
,Ile_277,peak_apex_int,uM,,,,,,,,linear,1,0,ln(x),ln(y),1.00E-15,1.00E+15,1.00E-15,1.00E+15
,Ile_278,peak_apex_int,uM,,,,,,,,linear,1,0,ln(x),ln(y),1.00E-15,1.00E+15,1.00E-15,1.00E+15
,Ile_279,peak_apex_int,uM,,,,,,,,linear,1,0,ln(x),ln(y),1.00E-15,1.00E+15,1.00E-15,1.00E+15
,Pro_258,peak_apex_int,uM,,,,,,,,linear,1,0,ln(x),ln(y),1.00E-15,1.00E+15,1.00E-15,1.00E+15
,Pro_259,peak_apex_int,uM,,,,,,,,linear,1,0,ln(x),ln(y),1.00E-15,1.00E+15,1.00E-15,1.00E+15
,Pro_260,peak_apex_int,uM,,,,,,,,linear,1,0,ln(x),ln(y),1.00E-15,1.00E+15,1.00E-15,1.00E+15
,Pro_261,peak_apex_int,uM,,,,,,,,linear,1,0,ln(x),ln(y),1.00E-15,1.00E+15,1.00E-15,1.00E+15
,Pro_262,peak_apex_int,uM,,,,,,,,linear,1,0,ln(x),ln(y),1.00E-15,1.00E+15,1.00E-15,1.00E+15
,Met_218,peak_apex_int,uM,,,,,,,,linear,1,0,ln(x),ln(y),1.00E-15,1.00E+15,1.00E-15,1.00E+15
,Met_219,peak_apex_int,uM,,,,,,,,linear,1,0,ln(x),ln(y),1.00E-15,1.00E+15,1.00E-15,1.00E+15
,Met_220,peak_apex_int,uM,,,,,,,,linear,1,0,ln(x),ln(y),1.00E-15,1.00E+15,1.00E-15,1.00E+15
,Met_221,peak_apex_int,uM,,,,,,,,linear,1,0,ln(x),ln(y),1.00E-15,1.00E+15,1.00E-15,1.00E+15
,Met_222,peak_apex_int,uM,,,,,,,,linear,1,0,ln(x),ln(y),1.00E-15,1.00E+15,1.00E-15,1.00E+15
,Met_320,peak_apex_int,uM,,,,,,,,linear,1,0,ln(x),ln(y),1.00E-15,1.00E+15,1.00E-15,1.00E+15
,Met_321,peak_apex_int,uM,,,,,,,,linear,1,0,ln(x),ln(y),1.00E-15,1.00E+15,1.00E-15,1.00E+15
,Met_322,peak_apex_int,uM,,,,,,,,linear,1,0,ln(x),ln(y),1.00E-15,1.00E+15,1.00E-15,1.00E+15
,Met_323,peak_apex_int,uM,,,,,,,,linear,1,0,ln(x),ln(y),1.00E-15,1.00E+15,1.00E-15,1.00E+15
,Met_324,peak_apex_int,uM,,,,,,,,linear,1,0,ln(x),ln(y),1.00E-15,1.00E+15,1.00E-15,1.00E+15
,Met_325,peak_apex_int,uM,,,,,,,,linear,1,0,ln(x),ln(y),1.00E-15,1.00E+15,1.00E-15,1.00E+15
,Ser_362,peak_apex_int,uM,,,,,,,,linear,1,0,ln(x),ln(y),1.00E-15,1.00E+15,1.00E-15,1.00E+15
,Ser_363,peak_apex_int,uM,,,,,,,,linear,1,0,ln(x),ln(y),1.00E-15,1.00E+15,1.00E-15,1.00E+15
,Ser_364,peak_apex_int,uM,,,,,,,,linear,1,0,ln(x),ln(y),1.00E-15,1.00E+15,1.00E-15,1.00E+15
,Ser_390,peak_apex_int,uM,,,,,,,,linear,1,0,ln(x),ln(y),1.00E-15,1.00E+15,1.00E-15,1.00E+15
,Ser_391,peak_apex_int,uM,,,,,,,,linear,1,0,ln(x),ln(y),1.00E-15,1.00E+15,1.00E-15,1.00E+15
,Ser_392,peak_apex_int,uM,,,,,,,,linear,1,0,ln(x),ln(y),1.00E-15,1.00E+15,1.00E-15,1.00E+15
,Ser_393,peak_apex_int,uM,,,,,,,,linear,1,0,ln(x),ln(y),1.00E-15,1.00E+15,1.00E-15,1.00E+15
,Thr_376,peak_apex_int,uM,,,,,,,,linear,1,0,ln(x),ln(y),1.00E-15,1.00E+15,1.00E-15,1.00E+15
,Thr_377,peak_apex_int,uM,,,,,,,,linear,1,0,ln(x),ln(y),1.00E-15,1.00E+15,1.00E-15,1.00E+15
,Thr_378,peak_apex_int,uM,,,,,,,,linear,1,0,ln(x),ln(y),1.00E-15,1.00E+15,1.00E-15,1.00E+15
,Thr_379,peak_apex_int,uM,,,,,,,,linear,1,0,ln(x),ln(y),1.00E-15,1.00E+15,1.00E-15,1.00E+15
,Thr_404,peak_apex_int,uM,,,,,,,,linear,1,0,ln(x),ln(y),1.00E-15,1.00E+15,1.00E-15,1.00E+15
,Thr_405,peak_apex_int,uM,,,,,,,,linear,1,0,ln(x),ln(y),1.00E-15,1.00E+15,1.00E-15,1.00E+15
,Thr_406,peak_apex_int,uM,,,,,,,,linear,1,0,ln(x),ln(y),1.00E-15,1.00E+15,1.00E-15,1.00E+15
,Thr_407,peak_apex_int,uM,,,,,,,,linear,1,0,ln(x),ln(y),1.00E-15,1.00E+15,1.00E-15,1.00E+15
,Thr_408,peak_apex_int,uM,,,,,,,,linear,1,0,ln(x),ln(y),1.00E-15,1.00E+15,1.00E-15,1.00E+15
,Phe_302,peak_apex_int,uM,,,,,,,,linear,1,0,ln(x),ln(y),1.00E-15,1.00E+15,1.00E-15,1.00E+15
,Phe_303,peak_apex_int,uM,,,,,,,,linear,1,0,ln(x),ln(y),1.00E-15,1.00E+15,1.00E-15,1.00E+15
,Phe_304,peak_apex_int,uM,,,,,,,,linear,1,0,ln(x),ln(y),1.00E-15,1.00E+15,1.00E-15,1.00E+15
,Phe_308,peak_apex_int,uM,,,,,,,,linear,1,0,ln(x),ln(y),1.00E-15,1.00E+15,1.00E-15,1.00E+15
,Phe_309,peak_apex_int,uM,,,,,,,,linear,1,0,ln(x),ln(y),1.00E-15,1.00E+15,1.00E-15,1.00E+15
,Phe_310,peak_apex_int,uM,,,,,,,,linear,1,0,ln(x),ln(y),1.00E-15,1.00E+15,1.00E-15,1.00E+15
,Phe_311,peak_apex_int,uM,,,,,,,,linear,1,0,ln(x),ln(y),1.00E-15,1.00E+15,1.00E-15,1.00E+15
,Phe_312,peak_apex_int,uM,,,,,,,,linear,1,0,ln(x),ln(y),1.00E-15,1.00E+15,1.00E-15,1.00E+15
,Phe_313,peak_apex_int,uM,,,,,,,,linear,1,0,ln(x),ln(y),1.00E-15,1.00E+15,1.00E-15,1.00E+15
,Phe_314,peak_apex_int,uM,,,,,,,,linear,1,0,ln(x),ln(y),1.00E-15,1.00E+15,1.00E-15,1.00E+15
,Phe_315,peak_apex_int,uM,,,,,,,,linear,1,0,ln(x),ln(y),1.00E-15,1.00E+15,1.00E-15,1.00E+15
,Phe_316,peak_apex_int,uM,,,,,,,,linear,1,0,ln(x),ln(y),1.00E-15,1.00E+15,1.00E-15,1.00E+15
,Phe_336,peak_apex_int,uM,,,,,,,,linear,1,0,ln(x),ln(y),1.00E-15,1.00E+15,1.00E-15,1.00E+15
,Phe_337,peak_apex_int,uM,,,,,,,,linear,1,0,ln(x),ln(y),1.00E-15,1.00E+15,1.00E-15,1.00E+15
,Phe_338,peak_apex_int,uM,,,,,,,,linear,1,0,ln(x),ln(y),1.00E-15,1.00E+15,1.00E-15,1.00E+15
,Phe_339,peak_apex_int,uM,,,,,,,,linear,1,0,ln(x),ln(y),1.00E-15,1.00E+15,1.00E-15,1.00E+15
,Phe_340,peak_apex_int,uM,,,,,,,,linear,1,0,ln(x),ln(y),1.00E-15,1.00E+15,1.00E-15,1.00E+15
,Phe_341,peak_apex_int,uM,,,,,,,,linear,1,0,ln(x),ln(y),1.00E-15,1.00E+15,1.00E-15,1.00E+15
,Phe_342,peak_apex_int,uM,,,,,,,,linear,1,0,ln(x),ln(y),1.00E-15,1.00E+15,1.00E-15,1.00E+15
,Phe_343,peak_apex_int,uM,,,,,,,,linear,1,0,ln(x),ln(y),1.00E-15,1.00E+15,1.00E-15,1.00E+15
,Phe_344,peak_apex_int,uM,,,,,,,,linear,1,0,ln(x),ln(y),1.00E-15,1.00E+15,1.00E-15,1.00E+15
,Phe_345,peak_apex_int,uM,,,,,,,,linear,1,0,ln(x),ln(y),1.00E-15,1.00E+15,1.00E-15,1.00E+15
,Asp_302,peak_apex_int,uM,,,,,,,,linear,1,0,ln(x),ln(y),1.00E-15,1.00E+15,1.00E-15,1.00E+15
,Asp_303,peak_apex_int,uM,,,,,,,,linear,1,0,ln(x),ln(y),1.00E-15,1.00E+15,1.00E-15,1.00E+15
,Asp_304,peak_apex_int,uM,,,,,,,,linear,1,0,ln(x),ln(y),1.00E-15,1.00E+15,1.00E-15,1.00E+15
,Asp_390,peak_apex_int,uM,,,,,,,,linear,1,0,ln(x),ln(y),1.00E-15,1.00E+15,1.00E-15,1.00E+15
,Asp_391,peak_apex_int,uM,,,,,,,,linear,1,0,ln(x),ln(y),1.00E-15,1.00E+15,1.00E-15,1.00E+15
,Asp_392,peak_apex_int,uM,,,,,,,,linear,1,0,ln(x),ln(y),1.00E-15,1.00E+15,1.00E-15,1.00E+15
,Asp_393,peak_apex_int,uM,,,,,,,,linear,1,0,ln(x),ln(y),1.00E-15,1.00E+15,1.00E-15,1.00E+15
,Asp_418,peak_apex_int,uM,,,,,,,,linear,1,0,ln(x),ln(y),1.00E-15,1.00E+15,1.00E-15,1.00E+15
,Asp_419,peak_apex_int,uM,,,,,,,,linear,1,0,ln(x),ln(y),1.00E-15,1.00E+15,1.00E-15,1.00E+15
,Asp_420,peak_apex_int,uM,,,,,,,,linear,1,0,ln(x),ln(y),1.00E-15,1.00E+15,1.00E-15,1.00E+15
,Asp_421,peak_apex_int,uM,,,,,,,,linear,1,0,ln(x),ln(y),1.00E-15,1.00E+15,1.00E-15,1.00E+15
,Asp_422,peak_apex_int,uM,,,,,,,,linear,1,0,ln(x),ln(y),1.00E-15,1.00E+15,1.00E-15,1.00E+15
,Glu_330,peak_apex_int,uM,,,,,,,,linear,1,0,ln(x),ln(y),1.00E-15,1.00E+15,1.00E-15,1.00E+15
,Glu_331,peak_apex_int,uM,,,,,,,,linear,1,0,ln(x),ln(y),1.00E-15,1.00E+15,1.00E-15,1.00E+15
,Glu_332,peak_apex_int,uM,,,,,,,,linear,1,0,ln(x),ln(y),1.00E-15,1.00E+15,1.00E-15,1.00E+15
,Glu_333,peak_apex_int,uM,,,,,,,,linear,1,0,ln(x),ln(y),1.00E-15,1.00E+15,1.00E-15,1.00E+15
,Glu_334,peak_apex_int,uM,,,,,,,,linear,1,0,ln(x),ln(y),1.00E-15,1.00E+15,1.00E-15,1.00E+15
,Glu_432,peak_apex_int,uM,,,,,,,,linear,1,0,ln(x),ln(y),1.00E-15,1.00E+15,1.00E-15,1.00E+15
,Glu_433,peak_apex_int,uM,,,,,,,,linear,1,0,ln(x),ln(y),1.00E-15,1.00E+15,1.00E-15,1.00E+15
,Glu_434,peak_apex_int,uM,,,,,,,,linear,1,0,ln(x),ln(y),1.00E-15,1.00E+15,1.00E-15,1.00E+15
,Glu_435,peak_apex_int,uM,,,,,,,,linear,1,0,ln(x),ln(y),1.00E-15,1.00E+15,1.00E-15,1.00E+15
,Glu_436,peak_apex_int,uM,,,,,,,,linear,1,0,ln(x),ln(y),1.00E-15,1.00E+15,1.00E-15,1.00E+15
,Glu_437,peak_apex_int,uM,,,,,,,,linear,1,0,ln(x),ln(y),1.00E-15,1.00E+15,1.00E-15,1.00E+15
,Lys_329,peak_apex_int,uM,,,,,,,,linear,1,0,ln(x),ln(y),1.00E-15,1.00E+15,1.00E-15,1.00E+15
,Lys_330,peak_apex_int,uM,,,,,,,,linear,1,0,ln(x),ln(y),1.00E-15,1.00E+15,1.00E-15,1.00E+15
,Lys_331,peak_apex_int,uM,,,,,,,,linear,1,0,ln(x),ln(y),1.00E-15,1.00E+15,1.00E-15,1.00E+15
,Lys_332,peak_apex_int,uM,,,,,,,,linear,1,0,ln(x),ln(y),1.00E-15,1.00E+15,1.00E-15,1.00E+15
,Lys_333,peak_apex_int,uM,,,,,,,,linear,1,0,ln(x),ln(y),1.00E-15,1.00E+15,1.00E-15,1.00E+15
,Lys_334,peak_apex_int,uM,,,,,,,,linear,1,0,ln(x),ln(y),1.00E-15,1.00E+15,1.00E-15,1.00E+15
,Lys_431,peak_apex_int,uM,,,,,,,,linear,1,0,ln(x),ln(y),1.00E-15,1.00E+15,1.00E-15,1.00E+15
,Lys_432,peak_apex_int,uM,,,,,,,,linear,1,0,ln(x),ln(y),1.00E-15,1.00E+15,1.00E-15,1.00E+15
,Lys_433,peak_apex_int,uM,,,,,,,,linear,1,0,ln(x),ln(y),1.00E-15,1.00E+15,1.00E-15,1.00E+15
,Lys_434,peak_apex_int,uM,,,,,,,,linear,1,0,ln(x),ln(y),1.00E-15,1.00E+15,1.00E-15,1.00E+15
,Lys_435,peak_apex_int,uM,,,,,,,,linear,1,0,ln(x),ln(y),1.00E-15,1.00E+15,1.00E-15,1.00E+15
,Lys_436,peak_apex_int,uM,,,,,,,,linear,1,0,ln(x),ln(y),1.00E-15,1.00E+15,1.00E-15,1.00E+15
,Lys_437,peak_apex_int,uM,,,,,,,,linear,1,0,ln(x),ln(y),1.00E-15,1.00E+15,1.00E-15,1.00E+15
,His_338,peak_apex_int,uM,,,,,,,,linear,1,0,ln(x),ln(y),1.00E-15,1.00E+15,1.00E-15,1.00E+15
,His_339,peak_apex_int,uM,,,,,,,,linear,1,0,ln(x),ln(y),1.00E-15,1.00E+15,1.00E-15,1.00E+15
,His_340,peak_apex_int,uM,,,,,,,,linear,1,0,ln(x),ln(y),1.00E-15,1.00E+15,1.00E-15,1.00E+15
,His_341,peak_apex_int,uM,,,,,,,,linear,1,0,ln(x),ln(y),1.00E-15,1.00E+15,1.00E-15,1.00E+15
,His_342,peak_apex_int,uM,,,,,,,,linear,1,0,ln(x),ln(y),1.00E-15,1.00E+15,1.00E-15,1.00E+15
,His_343,peak_apex_int,uM,,,,,,,,linear,1,0,ln(x),ln(y),1.00E-15,1.00E+15,1.00E-15,1.00E+15
,His_440,peak_apex_int,uM,,,,,,,,linear,1,0,ln(x),ln(y),1.00E-15,1.00E+15,1.00E-15,1.00E+15
,His_441,peak_apex_int,uM,,,,,,,,linear,1,0,ln(x),ln(y),1.00E-15,1.00E+15,1.00E-15,1.00E+15
,His_442,peak_apex_int,uM,,,,,,,,linear,1,0,ln(x),ln(y),1.00E-15,1.00E+15,1.00E-15,1.00E+15
,His_443,peak_apex_int,uM,,,,,,,,linear,1,0,ln(x),ln(y),1.00E-15,1.00E+15,1.00E-15,1.00E+15
,His_444,peak_apex_int,uM,,,,,,,,linear,1,0,ln(x),ln(y),1.00E-15,1.00E+15,1.00E-15,1.00E+15
,His_445,peak_apex_int,uM,,,,,,,,linear,1,0,ln(x),ln(y),1.00E-15,1.00E+15,1.00E-15,1.00E+15
,His_446,peak_apex_int,uM,,,,,,,,linear,1,0,ln(x),ln(y),1.00E-15,1.00E+15,1.00E-15,1.00E+15
,Tyr_302,peak_apex_int,uM,,,,,,,,linear,1,0,ln(x),ln(y),1.00E-15,1.00E+15,1.00E-15,1.00E+15
,Tyr_303,peak_apex_int,uM,,,,,,,,linear,1,0,ln(x),ln(y),1.00E-15,1.00E+15,1.00E-15,1.00E+15
,Tyr_304,peak_apex_int,uM,,,,,,,,linear,1,0,ln(x),ln(y),1.00E-15,1.00E+15,1.00E-15,1.00E+15
