IS_name,component_name,feature_name,concentration_units,llod,ulod,lloq,uloq,correlation_coefficient,n_points,transformation_model,transformation_model_param_slope,transformation_model_param_intercept,transformation_model_param_symmetric_regression,transformation_model_param_x_weight,transformation_model_param_y_weight,transformation_model_param_x_datum_min,transformation_model_param_x_datum_max,transformation_model_param_y_datum_min,transformation_model_param_y_datum_max
,thr-L.thr-L_m0-0,peak_apex_int,uM,,,,,,,linear,1,0,FALSE,ln(x),ln(y),-1.00E+15,1.00E+15,-1.00E+15,1.00E+15
,thr-L.thr-L_m1-0,peak_apex_int,uM,,,,,,,linear,1,0,FALSE,ln(x),ln(y),-1.00E+15,1.00E+15,-1.00E+15,1.00E+15
,thr-L.thr-L_m1-1,peak_apex_int,uM,,,,,,,linear,1,0,FALSE,ln(x),ln(y),-1.00E+15,1.00E+15,-1.00E+15,1.00E+15
,thr-L.thr-L_m2-0,peak_apex_int,uM,,,,,,,linear,1,0,FALSE,ln(x),ln(y),-1.00E+15,1.00E+15,-1.00E+15,1.00E+15
,thr-L.thr-L_m2-1,peak_apex_int,uM,,,,,,,linear,1,0,FALSE,ln(x),ln(y),-1.00E+15,1.00E+15,-1.00E+15,1.00E+15
,thr-L.thr-L_m2-2,peak_apex_int,uM,,,,,,,linear,1,0,FALSE,ln(x),ln(y),-1.00E+15,1.00E+15,-1.00E+15,1.00E+15
,thr-L.thr-L_m3-1,peak_apex_int,uM,,,,,,,linear,1,0,FALSE,ln(x),ln(y),-1.00E+15,1.00E+15,-1.00E+15,1.00E+15
,thr-L.thr-L_m3-2,peak_apex_int,uM,,,,,,,linear,1,0,FALSE,ln(x),ln(y),-1.00E+15,1.00E+15,-1.00E+15,1.00E+15
,thr-L.thr-L_m4-2,peak_apex_int,uM,,,,,,,linear,1,0,FALSE,ln(x),ln(y),-1.00E+15,1.00E+15,-1.00E+15,1.00E+15
,met-L.met-L_m0-0,peak_apex_int,uM,,,,,,,linear,1,0,FALSE,ln(x),ln(y),-1.00E+15,1.00E+15,-1.00E+15,1.00E+15
,met-L.met-L_m1-0,peak_apex_int,uM,,,,,,,linear,1,0,FALSE,ln(x),ln(y),-1.00E+15,1.00E+15,-1.00E+15,1.00E+15
,met-L.met-L_m1-1,peak_apex_int,uM,,,,,,,linear,1,0,FALSE,ln(x),ln(y),-1.00E+15,1.00E+15,-1.00E+15,1.00E+15
,met-L.met-L_m2-0,peak_apex_int,uM,,,,,,,linear,1,0,FALSE,ln(x),ln(y),-1.00E+15,1.00E+15,-1.00E+15,1.00E+15
,met-L.met-L_m2-1,peak_apex_int,uM,,,,,,,linear,1,0,FALSE,ln(x),ln(y),-1.00E+15,1.00E+15,-1.00E+15,1.00E+15
,met-L.met-L_m3-0,peak_apex_int,uM,,,,,,,linear,1,0,FALSE,ln(x),ln(y),-1.00E+15,1.00E+15,-1.00E+15,1.00E+15
,met-L.met-L_m3-1,peak_apex_int,uM,,,,,,,linear,1,0,FALSE,ln(x),ln(y),-1.00E+15,1.00E+15,-1.00E+15,1.00E+15
,met-L.met-L_m4-0,peak_apex_int,uM,,,,,,,linear,1,0,FALSE,ln(x),ln(y),-1.00E+15,1.00E+15,-1.00E+15,1.00E+15
,met-L.met-L_m4-1,peak_apex_int,uM,,,,,,,linear,1,0,FALSE,ln(x),ln(y),-1.00E+15,1.00E+15,-1.00E+15,1.00E+15
,met-L.met-L_m5-1,peak_apex_int,uM,,,,,,,linear,1,0,FALSE,ln(x),ln(y),-1.00E+15,1.00E+15,-1.00E+15,1.00E+15
,asp-L.asp-L_m0-0,peak_apex_int,uM,,,,,,,linear,1,0,FALSE,ln(x),ln(y),-1.00E+15,1.00E+15,-1.00E+15,1.00E+15
,asp-L.asp-L_m1-0,peak_apex_int,uM,,,,,,,linear,1,0,FALSE,ln(x),ln(y),-1.00E+15,1.00E+15,-1.00E+15,1.00E+15
,asp-L.asp-L_m1-1,peak_apex_int,uM,,,,,,,linear,1,0,FALSE,ln(x),ln(y),-1.00E+15,1.00E+15,-1.00E+15,1.00E+15
,asp-L.asp-L_m2-1,peak_apex_int,uM,,,,,,,linear,1,0,FALSE,ln(x),ln(y),-1.00E+15,1.00E+15,-1.00E+15,1.00E+15
,asp-L.asp-L_m2-2,peak_apex_int,uM,,,,,,,linear,1,0,FALSE,ln(x),ln(y),-1.00E+15,1.00E+15,-1.00E+15,1.00E+15
,asp-L.asp-L_m3-2,peak_apex_int,uM,,,,,,,linear,1,0,FALSE,ln(x),ln(y),-1.00E+15,1.00E+15,-1.00E+15,1.00E+15
,asp-L.asp-L_m3-3,peak_apex_int,uM,,,,,,,linear,1,0,FALSE,ln(x),ln(y),-1.00E+15,1.00E+15,-1.00E+15,1.00E+15
,asp-L.asp-L_m4-3,peak_apex_int,uM,,,,,,,linear,1,0,FALSE,ln(x),ln(y),-1.00E+15,1.00E+15,-1.00E+15,1.00E+15
,glu-L.glu-L_m0-0,peak_apex_int,uM,,,,,,,linear,1,0,FALSE,ln(x),ln(y),-1.00E+15,1.00E+15,-1.00E+15,1.00E+15
,glu-L.glu-L_m1-1,peak_apex_int,uM,,,,,,,linear,1,0,FALSE,ln(x),ln(y),-1.00E+15,1.00E+15,-1.00E+15,1.00E+15
,glu-L.glu-L_m2-2,peak_apex_int,uM,,,,,,,linear,1,0,FALSE,ln(x),ln(y),-1.00E+15,1.00E+15,-1.00E+15,1.00E+15
,glu-L.glu-L_m3-3,peak_apex_int,uM,,,,,,,linear,1,0,FALSE,ln(x),ln(y),-1.00E+15,1.00E+15,-1.00E+15,1.00E+15
,glu-L.glu-L_m4-4,peak_apex_int,uM,,,,,,,linear,1,0,FALSE,ln(x),ln(y),-1.00E+15,1.00E+15,-1.00E+15,1.00E+15
,glu-L.glu-L_m5-5,peak_apex_int,uM,,,,,,,linear,1,0,FALSE,ln(x),ln(y),-1.00E+15,1.00E+15,-1.00E+15,1.00E+15
,skm.skm_m0-0,peak_apex_int,uM,,,,,,,linear,1,0,FALSE,ln(x),ln(y),-1.00E+15,1.00E+15,-1.00E+15,1.00E+15
,skm.skm_m1-0,peak_apex_int,uM,,,,,,,linear,1,0,FALSE,ln(x),ln(y),-1.00E+15,1.00E+15,-1.00E+15,1.00E+15
,skm.skm_m1-1,peak_apex_int,uM,,,,,,,linear,1,0,FALSE,ln(x),ln(y),-1.00E+15,1.00E+15,-1.00E+15,1.00E+15
,skm.skm_m2-1,peak_apex_int,uM,,,,,,,linear,1,0,FALSE,ln(x),ln(y),-1.00E+15,1.00E+15,-1.00E+15,1.00E+15
,skm.skm_m2-2,peak_apex_int,uM,,,,,,,linear,1,0,FALSE,ln(x),ln(y),-1.00E+15,1.00E+15,-1.00E+15,1.00E+15
,skm.skm_m3-2,peak_apex_int,uM,,,,,,,linear,1,0,FALSE,ln(x),ln(y),-1.00E+15,1.00E+15,-1.00E+15,1.00E+15
,skm.skm_m3-3,peak_apex_int,uM,,,,,,,linear,1,0,FALSE,ln(x),ln(y),-1.00E+15,1.00E+15,-1.00E+15,1.00E+15
,skm.skm_m4-3,peak_apex_int,uM,,,,,,,linear,1,0,FALSE,ln(x),ln(y),-1.00E+15,1.00E+15,-1.00E+15,1.00E+15
,skm.skm_m4-4,peak_apex_int,uM,,,,,,,linear,1,0,FALSE,ln(x),ln(y),-1.00E+15,1.00E+15,-1.00E+15,1.00E+15
,skm.skm_m5-4,peak_apex_int,uM,,,,,,,linear,1,0,FALSE,ln(x),ln(y),-1.00E+15,1.00E+15,-1.00E+15,1.00E+15
,skm.skm_m5-5,peak_apex_int,uM,,,,,,,linear,1,0,FALSE,ln(x),ln(y),-1.00E+15,1.00E+15,-1.00E+15,1.00E+15
,skm.skm_m6-5,peak_apex_int,uM,,,,,,,linear,1,0,FALSE,ln(x),ln(y),-1.00E+15,1.00E+15,-1.00E+15,1.00E+15
,skm.skm_m6-6,peak_apex_int,uM,,,,,,,linear,1,0,FALSE,ln(x),ln(y),-1.00E+15,1.00E+15,-1.00E+15,1.00E+15
,skm.skm_m7-6,peak_apex_int,uM,,,,,,,linear,1,0,FALSE,ln(x),ln(y),-1.00E+15,1.00E+15,-1.00E+15,1.00E+15
,glyclt.glyclt_m0-0,peak_apex_int,uM,,,,,,,linear,1,0,FALSE,ln(x),ln(y),-1.00E+15,1.00E+15,-1.00E+15,1.00E+15
,glyclt.glyclt_m1-0,peak_apex_int,uM,,,,,,,linear,1,0,FALSE,ln(x),ln(y),-1.00E+15,1.00E+15,-1.00E+15,1.00E+15
,glyclt.glyclt_m1-1,peak_apex_int,uM,,,,,,,linear,1,0,FALSE,ln(x),ln(y),-1.00E+15,1.00E+15,-1.00E+15,1.00E+15
,glyclt.glyclt_m2-1,peak_apex_int,uM,,,,,,,linear,1,0,FALSE,ln(x),ln(y),-1.00E+15,1.00E+15,-1.00E+15,1.00E+15
,pyr.pyr_m0-0,peak_apex_int,uM,,,,,,,linear,1,0,FALSE,ln(x),ln(y),-1.00E+15,1.00E+15,-1.00E+15,1.00E+15
,pyr.pyr_m1-0,peak_apex_int,uM,,,,,,,linear,1,0,FALSE,ln(x),ln(y),-1.00E+15,1.00E+15,-1.00E+15,1.00E+15
,pyr.pyr_m2-0,peak_apex_int,uM,,,,,,,linear,1,0,FALSE,ln(x),ln(y),-1.00E+15,1.00E+15,-1.00E+15,1.00E+15
,pyr.pyr_m3-0,peak_apex_int,uM,,,,,,,linear,1,0,FALSE,ln(x),ln(y),-1.00E+15,1.00E+15,-1.00E+15,1.00E+15
,g6p.g6p_m0-0,peak_apex_int,uM,,,,,,,linear,1,0,FALSE,ln(x),ln(y),-1.00E+15,1.00E+15,-1.00E+15,1.00E+15
,g6p.g6p_m1-0,peak_apex_int,uM,,,,,,,linear,1,0,FALSE,ln(x),ln(y),-1.00E+15,1.00E+15,-1.00E+15,1.00E+15
,g6p.g6p_m2-0,peak_apex_int,uM,,,,,,,linear,1,0,FALSE,ln(x),ln(y),-1.00E+15,1.00E+15,-1.00E+15,1.00E+15
,g6p.g6p_m3-0,peak_apex_int,uM,,,,,,,linear,1,0,FALSE,ln(x),ln(y),-1.00E+15,1.00E+15,-1.00E+15,1.00E+15
,g6p.g6p_m4-0,peak_apex_int,uM,,,,,,,linear,1,0,FALSE,ln(x),ln(y),-1.00E+15,1.00E+15,-1.00E+15,1.00E+15
,g6p.g6p_m5-0,peak_apex_int,uM,,,,,,,linear,1,0,FALSE,ln(x),ln(y),-1.00E+15,1.00E+15,-1.00E+15,1.00E+15
,g6p.g6p_m6-0,peak_apex_int,uM,,,,,,,linear,1,0,FALSE,ln(x),ln(y),-1.00E+15,1.00E+15,-1.00E+15,1.00E+15
,f6p.f6p_m0-0,peak_apex_int,uM,,,,,,,linear,1,0,FALSE,ln(x),ln(y),-1.00E+15,1.00E+15,-1.00E+15,1.00E+15
,f6p.f6p_m1-0,peak_apex_int,uM,,,,,,,linear,1,0,FALSE,ln(x),ln(y),-1.00E+15,1.00E+15,-1.00E+15,1.00E+15
,f6p.f6p_m2-0,peak_apex_int,uM,,,,,,,linear,1,0,FALSE,ln(x),ln(y),-1.00E+15,1.00E+15,-1.00E+15,1.00E+15
,f6p.f6p_m3-0,peak_apex_int,uM,,,,,,,linear,1,0,FALSE,ln(x),ln(y),-1.00E+15,1.00E+15,-1.00E+15,1.00E+15
,f6p.f6p_m4-0,peak_apex_int,uM,,,,,,,linear,1,0,FALSE,ln(x),ln(y),-1.00E+15,1.00E+15,-1.00E+15,1.00E+15
,f6p.f6p_m5-0,peak_apex_int,uM,,,,,,,linear,1,0,FALSE,ln(x),ln(y),-1.00E+15,1.00E+15,-1.00E+15,1.00E+15
,f6p.f6p_m6-0,peak_apex_int,uM,,,,,,,linear,1,0,FALSE,ln(x),ln(y),-1.00E+15,1.00E+15,-1.00E+15,1.00E+15
,s7p.s7p_m0-0,peak_apex_int,uM,,,,,,,linear,1,0,FALSE,ln(x),ln(y),-1.00E+15,1.00E+15,-1.00E+15,1.00E+15
,s7p.s7p_m1-0,peak_apex_int,uM,,,,,,,linear,1,0,FALSE,ln(x),ln(y),-1.00E+15,1.00E+15,-1.00E+15,1.00E+15
,s7p.s7p_m2-0,peak_apex_int,uM,,,,,,,linear,1,0,FALSE,ln(x),ln(y),-1.00E+15,1.00E+15,-1.00E+15,1.00E+15
,s7p.s7p_m3-0,peak_apex_int,uM,,,,,,,linear,1,0,FALSE,ln(x),ln(y),-1.00E+15,1.00E+15,-1.00E+15,1.00E+15
,s7p.s7p_m4-0,peak_apex_int,uM,,,,,,,linear,1,0,FALSE,ln(x),ln(y),-1.00E+15,1.00E+15,-1.00E+15,1.00E+15
,s7p.s7p_m5-0,peak_apex_int,uM,,,,,,,linear,1,0,FALSE,ln(x),ln(y),-1.00E+15,1.00E+15,-1.00E+15,1.00E+15
,s7p.s7p_m6-0,peak_apex_int,uM,,,,,,,linear,1,0,FALSE,ln(x),ln(y),-1.00E+15,1.00E+15,-1.00E+15,1.00E+15
,s7p.s7p_m7-0,peak_apex_int,uM,,,,,,,linear,1,0,FALSE,ln(x),ln(y),-1.00E+15,1.00E+15,-1.00E+15,1.00E+15
,glyc3p.glyc3p_m0-0,peak_apex_int,uM,,,,,,,linear,1,0,FALSE,ln(x),ln(y),-1.00E+15,1.00E+15,-1.00E+15,1.00E+15
,glyc3p.glyc3p_m1-0,peak_apex_int,uM,,,,,,,linear,1,0,FALSE,ln(x),ln(y),-1.00E+15,1.00E+15,-1.00E+15,1.00E+15
,glyc3p.glyc3p_m2-0,peak_apex_int,uM,,,,,,,linear,1,0,FALSE,ln(x),ln(y),-1.00E+15,1.00E+15,-1.00E+15,1.00E+15
,glyc3p.glyc3p_m3-0,peak_apex_int,uM,,,,,,,linear,1,0,FALSE,ln(x),ln(y),-1.00E+15,1.00E+15,-1.00E+15,1.00E+15
,g1p.g1p_m0-0,peak_apex_int,uM,,,,,,,linear,1,0,FALSE,ln(x),ln(y),-1.00E+15,1.00E+15,-1.00E+15,1.00E+15
,g1p.g1p_m1-0,peak_apex_int,uM,,,,,,,linear,1,0,FALSE,ln(x),ln(y),-1.00E+15,1.00E+15,-1.00E+15,1.00E+15
,g1p.g1p_m2-0,peak_apex_int,uM,,,,,,,linear,1,0,FALSE,ln(x),ln(y),-1.00E+15,1.00E+15,-1.00E+15,1.00E+15
,g1p.g1p_m3-0,peak_apex_int,uM,,,,,,,linear,1,0,FALSE,ln(x),ln(y),-1.00E+15,1.00E+15,-1.00E+15,1.00E+15
,g1p.g1p_m4-0,peak_apex_int,uM,,,,,,,linear,1,0,FALSE,ln(x),ln(y),-1.00E+15,1.00E+15,-1.00E+15,1.00E+15
,g1p.g1p_m5-0,peak_apex_int,uM,,,,,,,linear,1,0,FALSE,ln(x),ln(y),-1.00E+15,1.00E+15,-1.00E+15,1.00E+15
,g1p.g1p_m6-0,peak_apex_int,uM,,,,,,,linear,1,0,FALSE,ln(x),ln(y),-1.00E+15,1.00E+15,-1.00E+15,1.00E+15
,r5p.r5p_m0-0,peak_apex_int,uM,,,,,,,linear,1,0,FALSE,ln(x),ln(y),-1.00E+15,1.00E+15,-1.00E+15,1.00E+15
,r5p.r5p_m1-0,peak_apex_int,uM,,,,,,,linear,1,0,FALSE,ln(x),ln(y),-1.00E+15,1.00E+15,-1.00E+15,1.00E+15
,r5p.r5p_m2-0,peak_apex_int,uM,,,,,,,linear,1,0,FALSE,ln(x),ln(y),-1.00E+15,1.00E+15,-1.00E+15,1.00E+15
,r5p.r5p_m3-0,peak_apex_int,uM,,,,,,,linear,1,0,FALSE,ln(x),ln(y),-1.00E+15,1.00E+15,-1.00E+15,1.00E+15
,r5p.r5p_m4-0,peak_apex_int,uM,,,,,,,linear,1,0,FALSE,ln(x),ln(y),-1.00E+15,1.00E+15,-1.00E+15,1.00E+15
,r5p.r5p_m5-0,peak_apex_int,uM,,,,,,,linear,1,0,FALSE,ln(x),ln(y),-1.00E+15,1.00E+15,-1.00E+15,1.00E+15
,ru5p-D.ru5p-D_m0-0,peak_apex_int,uM,,,,,,,linear,1,0,FALSE,ln(x),ln(y),-1.00E+15,1.00E+15,-1.00E+15,1.00E+15
,ru5p-D.ru5p-D_m1-0,peak_apex_int,uM,,,,,,,linear,1,0,FALSE,ln(x),ln(y),-1.00E+15,1.00E+15,-1.00E+15,1.00E+15
,ru5p-D.ru5p-D_m2-0,peak_apex_int,uM,,,,,,,linear,1,0,FALSE,ln(x),ln(y),-1.00E+15,1.00E+15,-1.00E+15,1.00E+15
,ru5p-D.ru5p-D_m3-0,peak_apex_int,uM,,,,,,,linear,1,0,FALSE,ln(x),ln(y),-1.00E+15,1.00E+15,-1.00E+15,1.00E+15
,ru5p-D.ru5p-D_m4-0,peak_apex_int,uM,,,,,,,linear,1,0,FALSE,ln(x),ln(y),-1.00E+15,1.00E+15,-1.00E+15,1.00E+15
,ru5p-D.ru5p-D_m5-0,peak_apex_int,uM,,,,,,,linear,1,0,FALSE,ln(x),ln(y),-1.00E+15,1.00E+15,-1.00E+15,1.00E+15
,ump.ump_m0-0,peak_apex_int,uM,,,,,,,linear,1,0,FALSE,ln(x),ln(y),-1.00E+15,1.00E+15,-1.00E+15,1.00E+15
,ump.ump_m1-0,peak_apex_int,uM,,,,,,,linear,1,0,FALSE,ln(x),ln(y),-1.00E+15,1.00E+15,-1.00E+15,1.00E+15
,ump.ump_m2-0,peak_apex_int,uM,,,,,,,linear,1,0,FALSE,ln(x),ln(y),-1.00E+15,1.00E+15,-1.00E+15,1.00E+15
,ump.ump_m3-0,peak_apex_int,uM,,,,,,,linear,1,0,FALSE,ln(x),ln(y),-1.00E+15,1.00E+15,-1.00E+15,1.00E+15
,ump.ump_m4-0,peak_apex_int,uM,,,,,,,linear,1,0,FALSE,ln(x),ln(y),-1.00E+15,1.00E+15,-1.00E+15,1.00E+15
,ump.ump_m5-0,peak_apex_int,uM,,,,,,,linear,1,0,FALSE,ln(x),ln(y),-1.00E+15,1.00E+15,-1.00E+15,1.00E+15
,ump.ump_m6-0,peak_apex_int,uM,,,,,,,linear,1,0,FALSE,ln(x),ln(y),-1.00E+15,1.00E+15,-1.00E+15,1.00E+15
,ump.ump_m7-0,peak_apex_int,uM,,,,,,,linear,1,0,FALSE,ln(x),ln(y),-1.00E+15,1.00E+15,-1.00E+15,1.00E+15
,ump.ump_m8-0,peak_apex_int,uM,,,,,,,linear,1,0,FALSE,ln(x),ln(y),-1.00E+15,1.00E+15,-1.00E+15,1.00E+15
,ump.ump_m9-0,peak_apex_int,uM,,,,,,,linear,1,0,FALSE,ln(x),ln(y),-1.00E+15,1.00E+15,-1.00E+15,1.00E+15
,dhap.dhap_m0-0,peak_apex_int,uM,,,,,,,linear,1,0,FALSE,ln(x),ln(y),-1.00E+15,1.00E+15,-1.00E+15,1.00E+15
,dhap.dhap_m1-0,peak_apex_int,uM,,,,,,,linear,1,0,FALSE,ln(x),ln(y),-1.00E+15,1.00E+15,-1.00E+15,1.00E+15
,dhap.dhap_m2-0,peak_apex_int,uM,,,,,,,linear,1,0,FALSE,ln(x),ln(y),-1.00E+15,1.00E+15,-1.00E+15,1.00E+15
,dhap.dhap_m3-0,peak_apex_int,uM,,,,,,,linear,1,0,FALSE,ln(x),ln(y),-1.00E+15,1.00E+15,-1.00E+15,1.00E+15
,amp.amp_m0-0,peak_apex_int,uM,,,,,,,linear,1,0,FALSE,ln(x),ln(y),-1.00E+15,1.00E+15,-1.00E+15,1.00E+15
,amp.amp_m1-0,peak_apex_int,uM,,,,,,,linear,1,0,FALSE,ln(x),ln(y),-1.00E+15,1.00E+15,-1.00E+15,1.00E+15
,amp.amp_m10-0,peak_apex_int,uM,,,,,,,linear,1,0,FALSE,ln(x),ln(y),-1.00E+15,1.00E+15,-1.00E+15,1.00E+15
,amp.amp_m2-0,peak_apex_int,uM,,,,,,,linear,1,0,FALSE,ln(x),ln(y),-1.00E+15,1.00E+15,-1.00E+15,1.00E+15
,amp.amp_m3-0,peak_apex_int,uM,,,,,,,linear,1,0,FALSE,ln(x),ln(y),-1.00E+15,1.00E+15,-1.00E+15,1.00E+15
,amp.amp_m4-0,peak_apex_int,uM,,,,,,,linear,1,0,FALSE,ln(x),ln(y),-1.00E+15,1.00E+15,-1.00E+15,1.00E+15
,amp.amp_m5-0,peak_apex_int,uM,,,,,,,linear,1,0,FALSE,ln(x),ln(y),-1.00E+15,1.00E+15,-1.00E+15,1.00E+15
,amp.amp_m6-0,peak_apex_int,uM,,,,,,,linear,1,0,FALSE,ln(x),ln(y),-1.00E+15,1.00E+15,-1.00E+15,1.00E+15
,amp.amp_m7-0,peak_apex_int,uM,,,,,,,linear,1,0,FALSE,ln(x),ln(y),-1.00E+15,1.00E+15,-1.00E+15,1.00E+15
,amp.amp_m8-0,peak_apex_int,uM,,,,,,,linear,1,0,FALSE,ln(x),ln(y),-1.00E+15,1.00E+15,-1.00E+15,1.00E+15
,amp.amp_m9-0,peak_apex_int,uM,,,,,,,linear,1,0,FALSE,ln(x),ln(y),-1.00E+15,1.00E+15,-1.00E+15,1.00E+15
,succ.succ_m0-0,peak_apex_int,uM,,,,,,,linear,1,0,FALSE,ln(x),ln(y),-1.00E+15,1.00E+15,-1.00E+15,1.00E+15
,succ.succ_m1-1,peak_apex_int,uM,,,,,,,linear,1,0,FALSE,ln(x),ln(y),-1.00E+15,1.00E+15,-1.00E+15,1.00E+15
,succ.succ_m2-2,peak_apex_int,uM,,,,,,,linear,1,0,FALSE,ln(x),ln(y),-1.00E+15,1.00E+15,-1.00E+15,1.00E+15
,succ.succ_m3-3,peak_apex_int,uM,,,,,,,linear,1,0,FALSE,ln(x),ln(y),-1.00E+15,1.00E+15,-1.00E+15,1.00E+15
,succ.succ_m4-4,peak_apex_int,uM,,,,,,,linear,1,0,FALSE,ln(x),ln(y),-1.00E+15,1.00E+15,-1.00E+15,1.00E+15
,mal-L.mal-L_m0-0,peak_apex_int,uM,,,,,,,linear,1,0,FALSE,ln(x),ln(y),-1.00E+15,1.00E+15,-1.00E+15,1.00E+15
,mal-L.mal-L_m1-1,peak_apex_int,uM,,,,,,,linear,1,0,FALSE,ln(x),ln(y),-1.00E+15,1.00E+15,-1.00E+15,1.00E+15
,mal-L.mal-L_m2-2,peak_apex_int,uM,,,,,,,linear,1,0,FALSE,ln(x),ln(y),-1.00E+15,1.00E+15,-1.00E+15,1.00E+15
,mal-L.mal-L_m3-3,peak_apex_int,uM,,,,,,,linear,1,0,FALSE,ln(x),ln(y),-1.00E+15,1.00E+15,-1.00E+15,1.00E+15
,mal-L.mal-L_m4-4,peak_apex_int,uM,,,,,,,linear,1,0,FALSE,ln(x),ln(y),-1.00E+15,1.00E+15,-1.00E+15,1.00E+15
,akg.akg_m0-0,peak_apex_int,uM,,,,,,,linear,1,0,FALSE,ln(x),ln(y),-1.00E+15,1.00E+15,-1.00E+15,1.00E+15
,akg.akg_m1-0,peak_apex_int,uM,,,,,,,linear,1,0,FALSE,ln(x),ln(y),-1.00E+15,1.00E+15,-1.00E+15,1.00E+15
,akg.akg_m1-1,peak_apex_int,uM,,,,,,,linear,1,0,FALSE,ln(x),ln(y),-1.00E+15,1.00E+15,-1.00E+15,1.00E+15
,akg.akg_m2-1,peak_apex_int,uM,,,,,,,linear,1,0,FALSE,ln(x),ln(y),-1.00E+15,1.00E+15,-1.00E+15,1.00E+15
,akg.akg_m2-2,peak_apex_int,uM,,,,,,,linear,1,0,FALSE,ln(x),ln(y),-1.00E+15,1.00E+15,-1.00E+15,1.00E+15
,akg.akg_m3-2,peak_apex_int,uM,,,,,,,linear,1,0,FALSE,ln(x),ln(y),-1.00E+15,1.00E+15,-1.00E+15,1.00E+15
,akg.akg_m3-3,peak_apex_int,uM,,,,,,,linear,1,0,FALSE,ln(x),ln(y),-1.00E+15,1.00E+15,-1.00E+15,1.00E+15
,akg.akg_m4-3,peak_apex_int,uM,,,,,,,linear,1,0,FALSE,ln(x),ln(y),-1.00E+15,1.00E+15,-1.00E+15,1.00E+15
,akg.akg_m4-4,peak_apex_int,uM,,,,,,,linear,1,0,FALSE,ln(x),ln(y),-1.00E+15,1.00E+15,-1.00E+15,1.00E+15
,akg.akg_m5-4,peak_apex_int,uM,,,,,,,linear,1,0,FALSE,ln(x),ln(y),-1.00E+15,1.00E+15,-1.00E+15,1.00E+15
,6pgc.6pgc_m0-0,peak_apex_int,uM,,,,,,,linear,1,0,FALSE,ln(x),ln(y),-1.00E+15,1.00E+15,-1.00E+15,1.00E+15
,6pgc.6pgc_m1-0,peak_apex_int,uM,,,,,,,linear,1,0,FALSE,ln(x),ln(y),-1.00E+15,1.00E+15,-1.00E+15,1.00E+15
,6pgc.6pgc_m2-0,peak_apex_int,uM,,,,,,,linear,1,0,FALSE,ln(x),ln(y),-1.00E+15,1.00E+15,-1.00E+15,1.00E+15
,6pgc.6pgc_m3-0,peak_apex_int,uM,,,,,,,linear,1,0,FALSE,ln(x),ln(y),-1.00E+15,1.00E+15,-1.00E+15,1.00E+15
,6pgc.6pgc_m4-0,peak_apex_int,uM,,,,,,,linear,1,0,FALSE,ln(x),ln(y),-1.00E+15,1.00E+15,-1.00E+15,1.00E+15
,6pgc.6pgc_m5-0,peak_apex_int,uM,,,,,,,linear,1,0,FALSE,ln(x),ln(y),-1.00E+15,1.00E+15,-1.00E+15,1.00E+15
,6pgc.6pgc_m6-0,peak_apex_int,uM,,,,,,,linear,1,0,FALSE,ln(x),ln(y),-1.00E+15,1.00E+15,-1.00E+15,1.00E+15
,Pool_2pg_3pg.Pool_2pg_3pg_m0-0,peak_apex_int,uM,,,,,,,linear,1,0,FALSE,ln(x),ln(y),-1.00E+15,1.00E+15,-1.00E+15,1.00E+15
,Pool_2pg_3pg.Pool_2pg_3pg_m1-0,peak_apex_int,uM,,,,,,,linear,1,0,FALSE,ln(x),ln(y),-1.00E+15,1.00E+15,-1.00E+15,1.00E+15
,Pool_2pg_3pg.Pool_2pg_3pg_m2-0,peak_apex_int,uM,,,,,,,linear,1,0,FALSE,ln(x),ln(y),-1.00E+15,1.00E+15,-1.00E+15,1.00E+15
,Pool_2pg_3pg.Pool_2pg_3pg_m3-0,peak_apex_int,uM,,,,,,,linear,1,0,FALSE,ln(x),ln(y),-1.00E+15,1.00E+15,-1.00E+15,1.00E+15
,acon-C.acon-C_m0-0,peak_apex_int,uM,,,,,,,linear,1,0,FALSE,ln(x),ln(y),-1.00E+15,1.00E+15,-1.00E+15,1.00E+15
,acon-C.acon-C_m1-0,peak_apex_int,uM,,,,,,,linear,1,0,FALSE,ln(x),ln(y),-1.00E+15,1.00E+15,-1.00E+15,1.00E+15
,acon-C.acon-C_m1-1,peak_apex_int,uM,,,,,,,linear,1,0,FALSE,ln(x),ln(y),-1.00E+15,1.00E+15,-1.00E+15,1.00E+15
,acon-C.acon-C_m2-1,peak_apex_int,uM,,,,,,,linear,1,0,FALSE,ln(x),ln(y),-1.00E+15,1.00E+15,-1.00E+15,1.00E+15
,acon-C.acon-C_m2-2,peak_apex_int,uM,,,,,,,linear,1,0,FALSE,ln(x),ln(y),-1.00E+15,1.00E+15,-1.00E+15,1.00E+15
,acon-C.acon-C_m3-2,peak_apex_int,uM,,,,,,,linear,1,0,FALSE,ln(x),ln(y),-1.00E+15,1.00E+15,-1.00E+15,1.00E+15
,acon-C.acon-C_m3-3,peak_apex_int,uM,,,,,,,linear,1,0,FALSE,ln(x),ln(y),-1.00E+15,1.00E+15,-1.00E+15,1.00E+15
,acon-C.acon-C_m4-3,peak_apex_int,uM,,,,,,,linear,1,0,FALSE,ln(x),ln(y),-1.00E+15,1.00E+15,-1.00E+15,1.00E+15
,acon-C.acon-C_m4-4,peak_apex_int,uM,,,,,,,linear,1,0,FALSE,ln(x),ln(y),-1.00E+15,1.00E+15,-1.00E+15,1.00E+15
,acon-C.acon-C_m5-4,peak_apex_int,uM,,,,,,,linear,1,0,FALSE,ln(x),ln(y),-1.00E+15,1.00E+15,-1.00E+15,1.00E+15
,acon-C.acon-C_m5-5,peak_apex_int,uM,,,,,,,linear,1,0,FALSE,ln(x),ln(y),-1.00E+15,1.00E+15,-1.00E+15,1.00E+15
,acon-C.acon-C_m6-5,peak_apex_int,uM,,,,,,,linear,1,0,FALSE,ln(x),ln(y),-1.00E+15,1.00E+15,-1.00E+15,1.00E+15
,pep.pep_m0-0,peak_apex_int,uM,,,,,,,linear,1,0,FALSE,ln(x),ln(y),-1.00E+15,1.00E+15,-1.00E+15,1.00E+15
,pep.pep_m1-0,peak_apex_int,uM,,,,,,,linear,1,0,FALSE,ln(x),ln(y),-1.00E+15,1.00E+15,-1.00E+15,1.00E+15
,pep.pep_m2-0,peak_apex_int,uM,,,,,,,linear,1,0,FALSE,ln(x),ln(y),-1.00E+15,1.00E+15,-1.00E+15,1.00E+15
,pep.pep_m3-0,peak_apex_int,uM,,,,,,,linear,1,0,FALSE,ln(x),ln(y),-1.00E+15,1.00E+15,-1.00E+15,1.00E+15
,icit.icit_m0-0,peak_apex_int,uM,,,,,,,linear,1,0,FALSE,ln(x),ln(y),-1.00E+15,1.00E+15,-1.00E+15,1.00E+15
,icit.icit_m1-0,peak_apex_int,uM,,,,,,,linear,1,0,FALSE,ln(x),ln(y),-1.00E+15,1.00E+15,-1.00E+15,1.00E+15
,icit.icit_m1-1,peak_apex_int,uM,,,,,,,linear,1,0,FALSE,ln(x),ln(y),-1.00E+15,1.00E+15,-1.00E+15,1.00E+15
,icit.icit_m2-1,peak_apex_int,uM,,,,,,,linear,1,0,FALSE,ln(x),ln(y),-1.00E+15,1.00E+15,-1.00E+15,1.00E+15
,icit.icit_m2-2,peak_apex_int,uM,,,,,,,linear,1,0,FALSE,ln(x),ln(y),-1.00E+15,1.00E+15,-1.00E+15,1.00E+15
,icit.icit_m3-2,peak_apex_int,uM,,,,,,,linear,1,0,FALSE,ln(x),ln(y),-1.00E+15,1.00E+15,-1.00E+15,1.00E+15
,icit.icit_m3-3,peak_apex_int,uM,,,,,,,linear,1,0,FALSE,ln(x),ln(y),-1.00E+15,1.00E+15,-1.00E+15,1.00E+15
,icit.icit_m4-3,peak_apex_int,uM,,,,,,,linear,1,0,FALSE,ln(x),ln(y),-1.00E+15,1.00E+15,-1.00E+15,1.00E+15
,icit.icit_m4-4,peak_apex_int,uM,,,,,,,linear,1,0,FALSE,ln(x),ln(y),-1.00E+15,1.00E+15,-1.00E+15,1.00E+15
,icit.icit_m5-4,peak_apex_int,uM,,,,,,,linear,1,0,FALSE,ln(x),ln(y),-1.00E+15,1.00E+15,-1.00E+15,1.00E+15
,icit.icit_m5-5,peak_apex_int,uM,,,,,,,linear,1,0,FALSE,ln(x),ln(y),-1.00E+15,1.00E+15,-1.00E+15,1.00E+15
,icit.icit_m6-5,peak_apex_int,uM,,,,,,,linear,1,0,FALSE,ln(x),ln(y),-1.00E+15,1.00E+15,-1.00E+15,1.00E+15
,fad.fad_m0-0,peak_apex_int,uM,,,,,,,linear,1,0,FALSE,ln(x),ln(y),-1.00E+15,1.00E+15,-1.00E+15,1.00E+15
,fad.fad_m1-0,peak_apex_int,uM,,,,,,,linear,1,0,FALSE,ln(x),ln(y),-1.00E+15,1.00E+15,-1.00E+15,1.00E+15
,fad.fad_m10-0,peak_apex_int,uM,,,,,,,linear,1,0,FALSE,ln(x),ln(y),-1.00E+15,1.00E+15,-1.00E+15,1.00E+15
,fad.fad_m11-0,peak_apex_int,uM,,,,,,,linear,1,0,FALSE,ln(x),ln(y),-1.00E+15,1.00E+15,-1.00E+15,1.00E+15
,fad.fad_m12-0,peak_apex_int,uM,,,,,,,linear,1,0,FALSE,ln(x),ln(y),-1.00E+15,1.00E+15,-1.00E+15,1.00E+15
,fad.fad_m13-0,peak_apex_int,uM,,,,,,,linear,1,0,FALSE,ln(x),ln(y),-1.00E+15,1.00E+15,-1.00E+15,1.00E+15
,fad.fad_m14-0,peak_apex_int,uM,,,,,,,linear,1,0,FALSE,ln(x),ln(y),-1.00E+15,1.00E+15,-1.00E+15,1.00E+15
,fad.fad_m15-0,peak_apex_int,uM,,,,,,,linear,1,0,FALSE,ln(x),ln(y),-1.00E+15,1.00E+15,-1.00E+15,1.00E+15
,fad.fad_m16-0,peak_apex_int,uM,,,,,,,linear,1,0,FALSE,ln(x),ln(y),-1.00E+15,1.00E+15,-1.00E+15,1.00E+15
,fad.fad_m17-0,peak_apex_int,uM,,,,,,,linear,1,0,FALSE,ln(x),ln(y),-1.00E+15,1.00E+15,-1.00E+15,1.00E+15
,fad.fad_m18-0,peak_apex_int,uM,,,,,,,linear,1,0,FALSE,ln(x),ln(y),-1.00E+15,1.00E+15,-1.00E+15,1.00E+15
,fad.fad_m19-0,peak_apex_int,uM,,,,,,,linear,1,0,FALSE,ln(x),ln(y),-1.00E+15,1.00E+15,-1.00E+15,1.00E+15
,fad.fad_m2-0,peak_apex_int,uM,,,,,,,linear,1,0,FALSE,ln(x),ln(y),-1.00E+15,1.00E+15,-1.00E+15,1.00E+15
,fad.fad_m20-0,peak_apex_int,uM,,,,,,,linear,1,0,FALSE,ln(x),ln(y),-1.00E+15,1.00E+15,-1.00E+15,1.00E+15
,fad.fad_m21-0,peak_apex_int,uM,,,,,,,linear,1,0,FALSE,ln(x),ln(y),-1.00E+15,1.00E+15,-1.00E+15,1.00E+15
,fad.fad_m22-0,peak_apex_int,uM,,,,,,,linear,1,0,FALSE,ln(x),ln(y),-1.00E+15,1.00E+15,-1.00E+15,1.00E+15
,fad.fad_m23-0,peak_apex_int,uM,,,,,,,linear,1,0,FALSE,ln(x),ln(y),-1.00E+15,1.00E+15,-1.00E+15,1.00E+15
,fad.fad_m24-0,peak_apex_int,uM,,,,,,,linear,1,0,FALSE,ln(x),ln(y),-1.00E+15,1.00E+15,-1.00E+15,1.00E+15
,fad.fad_m25-0,peak_apex_int,uM,,,,,,,linear,1,0,FALSE,ln(x),ln(y),-1.00E+15,1.00E+15,-1.00E+15,1.00E+15
,fad.fad_m26-0,peak_apex_int,uM,,,,,,,linear,1,0,FALSE,ln(x),ln(y),-1.00E+15,1.00E+15,-1.00E+15,1.00E+15
,fad.fad_m27-0,peak_apex_int,uM,,,,,,,linear,1,0,FALSE,ln(x),ln(y),-1.00E+15,1.00E+15,-1.00E+15,1.00E+15
,fad.fad_m3-0,peak_apex_int,uM,,,,,,,linear,1,0,FALSE,ln(x),ln(y),-1.00E+15,1.00E+15,-1.00E+15,1.00E+15
,fad.fad_m4-0,peak_apex_int,uM,,,,,,,linear,1,0,FALSE,ln(x),ln(y),-1.00E+15,1.00E+15,-1.00E+15,1.00E+15
,fad.fad_m5-0,peak_apex_int,uM,,,,,,,linear,1,0,FALSE,ln(x),ln(y),-1.00E+15,1.00E+15,-1.00E+15,1.00E+15
,fad.fad_m6-0,peak_apex_int,uM,,,,,,,linear,1,0,FALSE,ln(x),ln(y),-1.00E+15,1.00E+15,-1.00E+15,1.00E+15
,fad.fad_m7-0,peak_apex_int,uM,,,,,,,linear,1,0,FALSE,ln(x),ln(y),-1.00E+15,1.00E+15,-1.00E+15,1.00E+15
,fad.fad_m8-0,peak_apex_int,uM,,,,,,,linear,1,0,FALSE,ln(x),ln(y),-1.00E+15,1.00E+15,-1.00E+15,1.00E+15
,fad.fad_m9-0,peak_apex_int,uM,,,,,,,linear,1,0,FALSE,ln(x),ln(y),-1.00E+15,1.00E+15,-1.00E+15,1.00E+15
,fdp.fdp_m0-0,peak_apex_int,uM,,,,,,,linear,1,0,FALSE,ln(x),ln(y),-1.00E+15,1.00E+15,-1.00E+15,1.00E+15
,fdp.fdp_m1-0,peak_apex_int,uM,,,,,,,linear,1,0,FALSE,ln(x),ln(y),-1.00E+15,1.00E+15,-1.00E+15,1.00E+15
,fdp.fdp_m2-0,peak_apex_int,uM,,,,,,,linear,1,0,FALSE,ln(x),ln(y),-1.00E+15,1.00E+15,-1.00E+15,1.00E+15
,fdp.fdp_m3-0,peak_apex_int,uM,,,,,,,linear,1,0,FALSE,ln(x),ln(y),-1.00E+15,1.00E+15,-1.00E+15,1.00E+15
,fdp.fdp_m4-0,peak_apex_int,uM,,,,,,,linear,1,0,FALSE,ln(x),ln(y),-1.00E+15,1.00E+15,-1.00E+15,1.00E+15
,fdp.fdp_m5-0,peak_apex_int,uM,,,,,,,linear,1,0,FALSE,ln(x),ln(y),-1.00E+15,1.00E+15,-1.00E+15,1.00E+15
,fdp.fdp_m6-0,peak_apex_int,uM,,,,,,,linear,1,0,FALSE,ln(x),ln(y),-1.00E+15,1.00E+15,-1.00E+15,1.00E+15
,23dpg.23dpg_m0-0,peak_apex_int,uM,,,,,,,linear,1,0,FALSE,ln(x),ln(y),-1.00E+15,1.00E+15,-1.00E+15,1.00E+15
,23dpg.23dpg_m1-0,peak_apex_int,uM,,,,,,,linear,1,0,FALSE,ln(x),ln(y),-1.00E+15,1.00E+15,-1.00E+15,1.00E+15
,23dpg.23dpg_m2-0,peak_apex_int,uM,,,,,,,linear,1,0,FALSE,ln(x),ln(y),-1.00E+15,1.00E+15,-1.00E+15,1.00E+15
,23dpg.23dpg_m3-0,peak_apex_int,uM,,,,,,,linear,1,0,FALSE,ln(x),ln(y),-1.00E+15,1.00E+15,-1.00E+15,1.00E+15
,atp.atp_m0-0,peak_apex_int,uM,,,,,,,linear,1,0,FALSE,ln(x),ln(y),-1.00E+15,1.00E+15,-1.00E+15,1.00E+15
,atp.atp_m1-0,peak_apex_int,uM,,,,,,,linear,1,0,FALSE,ln(x),ln(y),-1.00E+15,1.00E+15,-1.00E+15,1.00E+15
,atp.atp_m10-0,peak_apex_int,uM,,,,,,,linear,1,0,FALSE,ln(x),ln(y),-1.00E+15,1.00E+15,-1.00E+15,1.00E+15
,atp.atp_m2-0,peak_apex_int,uM,,,,,,,linear,1,0,FALSE,ln(x),ln(y),-1.00E+15,1.00E+15,-1.00E+15,1.00E+15
,atp.atp_m3-0,peak_apex_int,uM,,,,,,,linear,1,0,FALSE,ln(x),ln(y),-1.00E+15,1.00E+15,-1.00E+15,1.00E+15
,atp.atp_m4-0,peak_apex_int,uM,,,,,,,linear,1,0,FALSE,ln(x),ln(y),-1.00E+15,1.00E+15,-1.00E+15,1.00E+15
,atp.atp_m5-0,peak_apex_int,uM,,,,,,,linear,1,0,FALSE,ln(x),ln(y),-1.00E+15,1.00E+15,-1.00E+15,1.00E+15
,atp.atp_m6-0,peak_apex_int,uM,,,,,,,linear,1,0,FALSE,ln(x),ln(y),-1.00E+15,1.00E+15,-1.00E+15,1.00E+15
,atp.atp_m7-0,peak_apex_int,uM,,,,,,,linear,1,0,FALSE,ln(x),ln(y),-1.00E+15,1.00E+15,-1.00E+15,1.00E+15
,atp.atp_m8-0,peak_apex_int,uM,,,,,,,linear,1,0,FALSE,ln(x),ln(y),-1.00E+15,1.00E+15,-1.00E+15,1.00E+15
,atp.atp_m9-0,peak_apex_int,uM,,,,,,,linear,1,0,FALSE,ln(x),ln(y),-1.00E+15,1.00E+15,-1.00E+15,1.00E+15
,prpp.prpp_m0-0,peak_apex_int,uM,,,,,,,linear,1,0,FALSE,ln(x),ln(y),-1.00E+15,1.00E+15,-1.00E+15,1.00E+15
,prpp.prpp_m1-0,peak_apex_int,uM,,,,,,,linear,1,0,FALSE,ln(x),ln(y),-1.00E+15,1.00E+15,-1.00E+15,1.00E+15
,prpp.prpp_m2-0,peak_apex_int,uM,,,,,,,linear,1,0,FALSE,ln(x),ln(y),-1.00E+15,1.00E+15,-1.00E+15,1.00E+15
,prpp.prpp_m3-0,peak_apex_int,uM,,,,,,,linear,1,0,FALSE,ln(x),ln(y),-1.00E+15,1.00E+15,-1.00E+15,1.00E+15
,prpp.prpp_m4-0,peak_apex_int,uM,,,,,,,linear,1,0,FALSE,ln(x),ln(y),-1.00E+15,1.00E+15,-1.00E+15,1.00E+15
,prpp.prpp_m5-0,peak_apex_int,uM,,,,,,,linear,1,0,FALSE,ln(x),ln(y),-1.00E+15,1.00E+15,-1.00E+15,1.00E+15
,accoa.accoa_m0-0,peak_apex_int,uM,,,,,,,linear,1,0,FALSE,ln(x),ln(y),-1.00E+15,1.00E+15,-1.00E+15,1.00E+15
,accoa.accoa_m1-0,peak_apex_int,uM,,,,,,,linear,1,0,FALSE,ln(x),ln(y),-1.00E+15,1.00E+15,-1.00E+15,1.00E+15
,accoa.accoa_m10-0,peak_apex_int,uM,,,,,,,linear,1,0,FALSE,ln(x),ln(y),-1.00E+15,1.00E+15,-1.00E+15,1.00E+15
,accoa.accoa_m11-0,peak_apex_int,uM,,,,,,,linear,1,0,FALSE,ln(x),ln(y),-1.00E+15,1.00E+15,-1.00E+15,1.00E+15
,accoa.accoa_m12-0,peak_apex_int,uM,,,,,,,linear,1,0,FALSE,ln(x),ln(y),-1.00E+15,1.00E+15,-1.00E+15,1.00E+15
,accoa.accoa_m13-0,peak_apex_int,uM,,,,,,,linear,1,0,FALSE,ln(x),ln(y),-1.00E+15,1.00E+15,-1.00E+15,1.00E+15
,accoa.accoa_m14-0,peak_apex_int,uM,,,,,,,linear,1,0,FALSE,ln(x),ln(y),-1.00E+15,1.00E+15,-1.00E+15,1.00E+15
,accoa.accoa_m15-0,peak_apex_int,uM,,,,,,,linear,1,0,FALSE,ln(x),ln(y),-1.00E+15,1.00E+15,-1.00E+15,1.00E+15
,accoa.accoa_m16-0,peak_apex_int,uM,,,,,,,linear,1,0,FALSE,ln(x),ln(y),-1.00E+15,1.00E+15,-1.00E+15,1.00E+15
,accoa.accoa_m17-0,peak_apex_int,uM,,,,,,,linear,1,0,FALSE,ln(x),ln(y),-1.00E+15,1.00E+15,-1.00E+15,1.00E+15
,accoa.accoa_m18-0,peak_apex_int,uM,,,,,,,linear,1,0,FALSE,ln(x),ln(y),-1.00E+15,1.00E+15,-1.00E+15,1.00E+15
,accoa.accoa_m19-0,peak_apex_int,uM,,,,,,,linear,1,0,FALSE,ln(x),ln(y),-1.00E+15,1.00E+15,-1.00E+15,1.00E+15
,accoa.accoa_m2-0,peak_apex_int,uM,,,,,,,linear,1,0,FALSE,ln(x),ln(y),-1.00E+15,1.00E+15,-1.00E+15,1.00E+15
,accoa.accoa_m20-0,peak_apex_int,uM,,,,,,,linear,1,0,FALSE,ln(x),ln(y),-1.00E+15,1.00E+15,-1.00E+15,1.00E+15
,accoa.accoa_m21-0,peak_apex_int,uM,,,,,,,linear,1,0,FALSE,ln(x),ln(y),-1.00E+15,1.00E+15,-1.00E+15,1.00E+15
,accoa.accoa_m22-0,peak_apex_int,uM,,,,,,,linear,1,0,FALSE,ln(x),ln(y),-1.00E+15,1.00E+15,-1.00E+15,1.00E+15
,accoa.accoa_m23-0,peak_apex_int,uM,,,,,,,linear,1,0,FALSE,ln(x),ln(y),-1.00E+15,1.00E+15,-1.00E+15,1.00E+15
,accoa.accoa_m3-0,peak_apex_int,uM,,,,,,,linear,1,0,FALSE,ln(x),ln(y),-1.00E+15,1.00E+15,-1.00E+15,1.00E+15
,accoa.accoa_m4-0,peak_apex_int,uM,,,,,,,linear,1,0,FALSE,ln(x),ln(y),-1.00E+15,1.00E+15,-1.00E+15,1.00E+15
,accoa.accoa_m5-0,peak_apex_int,uM,,,,,,,linear,1,0,FALSE,ln(x),ln(y),-1.00E+15,1.00E+15,-1.00E+15,1.00E+15
,accoa.accoa_m6-0,peak_apex_int,uM,,,,,,,linear,1,0,FALSE,ln(x),ln(y),-1.00E+15,1.00E+15,-1.00E+15,1.00E+15
,accoa.accoa_m7-0,peak_apex_int,uM,,,,,,,linear,1,0,FALSE,ln(x),ln(y),-1.00E+15,1.00E+15,-1.00E+15,1.00E+15
,accoa.accoa_m8-0,peak_apex_int,uM,,,,,,,linear,1,0,FALSE,ln(x),ln(y),-1.00E+15,1.00E+15,-1.00E+15,1.00E+15
,accoa.accoa_m9-0,peak_apex_int,uM,,,,,,,linear,1,0,FALSE,ln(x),ln(y),-1.00E+15,1.00E+15,-1.00E+15,1.00E+15
